Rate_ID,Carrier,POL_Origin,POD_Destination,Container_Type,Ocean_Freight_USD,THC_USD,Seal_Fee_USD,Doc_Fee_USD,Total_Cost_USD,Valid_From,Valid_To,Transit_Time_Days
RTE-00001,COSCO,VNSGN (Cat Lai),USLGB (Long Beach),40HC,3686,210,10,40,3946,2026-07-18,2026-08-02,33
RTE-00002,CMA CGM,VNSGN (Cat Lai),NLRTM (Rotterdam),20DC,2123,140,10,40,2313,2026-07-02,2026-07-17,15
RTE-00003,ONE,VNHPH (Hai Phong),NLRTM (Rotterdam),20DC,2055,140,10,40,2245,2026-07-14,2026-07-29,18
RTE-00004,Evergreen,VNSGN (Cat Lai),USLGB (Long Beach),40HC,3097,210,10,40,3357,2026-07-31,2026-08-15,21
RTE-00005,MSC,VNHPH (Hai Phong),NLRTM (Rotterdam),20DC,1608,140,10,40,1798,2026-07-17,2026-08-01,12
RTE-00006,MSC,VNHPH (Hai Phong),USLGB (Long Beach),20DC,2546,140,10,40,2736,2026-07-26,2026-08-10,33
RTE-00007,Maersk,VNSGN (Cat Lai),DEHAM (Hamburg),20DC,2164,140,10,40,2354,2026-07-29,2026-08-13,30
RTE-00008,Hapag-Lloyd,VNDNG (Da Nang),USLAX (Los Angeles),40HC,2528,210,10,40,2788,2026-07-08,2026-07-23,28
RTE-00009,COSCO,VNHPH (Hai Phong),USLAX (Los Angeles),40HC,3057,210,10,40,3317,2026-07-17,2026-08-01,24
RTE-00010,Maersk,VNHPH (Hai Phong),NLRTM (Rotterdam),20DC,2135,140,10,40,2325,2026-07-19,2026-08-03,20
RTE-00011,ONE,VNSGN (Cat Lai),NLRTM (Rotterdam),20DC,1776,140,10,40,1966,2026-07-22,2026-08-06,19
RTE-00012,COSCO,VNHPH (Hai Phong),CNSHA (Shanghai),40HC,553,210,10,40,813,2026-07-05,2026-07-20,27
RTE-00013,Maersk,VNHPH (Hai Phong),USLGB (Long Beach),40HC,3459,210,10,40,3719,2026-07-06,2026-07-21,20
RTE-00014,Evergreen,VNDNG (Da Nang),USLAX (Los Angeles),40HC,3451,210,10,40,3711,2026-07-14,2026-07-29,15
RTE-00015,Hapag-Lloyd,VNSGN (Cat Lai),NLRTM (Rotterdam),40HC,3200,210,10,40,3460,2026-07-05,2026-07-20,35
RTE-00016,Hapag-Lloyd,VNSGN (Cat Lai),USLAX (Los Angeles),40HC,3168,210,10,40,3428,2026-07-08,2026-07-23,15
RTE-00017,Maersk,VNSGN (Cat Lai),DEHAM (Hamburg),20DC,1816,140,10,40,2006,2026-07-16,2026-07-31,19
RTE-00018,Maersk,VNHPH (Hai Phong),USLAX (Los Angeles),20DC,2751,140,10,40,2941,2026-07-28,2026-08-12,25
RTE-00019,MSC,VNDNG (Da Nang),NLRTM (Rotterdam),20DC,2021,140,10,40,2211,2026-07-27,2026-08-11,13
RTE-00020,Hapag-Lloyd,VNSGN (Cat Lai),DEHAM (Hamburg),40HC,3058,210,10,40,3318,2026-07-22,2026-08-06,25
RTE-00021,MSC,VNDNG (Da Nang),DEHAM (Hamburg),20DC,1972,140,10,40,2162,2026-07-24,2026-08-08,12
RTE-00022,Maersk,VNSGN (Cat Lai),USLAX (Los Angeles),20DC,1887,140,10,40,2077,2026-07-26,2026-08-10,35
RTE-00023,Evergreen,VNDNG (Da Nang),USLGB (Long Beach),40HC,3428,210,10,40,3688,2026-07-17,2026-08-01,24
RTE-00024,Hapag-Lloyd,VNSGN (Cat Lai),USLGB (Long Beach),40HC,3155,210,10,40,3415,2026-07-21,2026-08-05,29
RTE-00025,CMA CGM,VNSGN (Cat Lai),NLRTM (Rotterdam),40HC,3152,210,10,40,3412,2026-07-14,2026-07-29,22
RTE-00026,Hapag-Lloyd,VNHPH (Hai Phong),NLRTM (Rotterdam),20DC,1574,140,10,40,1764,2026-07-02,2026-07-17,32
RTE-00027,Evergreen,VNSGN (Cat Lai),NLRTM (Rotterdam),40HC,3152,210,10,40,3412,2026-07-13,2026-07-28,18
RTE-00028,MSC,VNSGN (Cat Lai),NLRTM (Rotterdam),20DC,1634,140,10,40,1824,2026-07-16,2026-07-31,17
RTE-00029,ONE,VNHPH (Hai Phong),USLAX (Los Angeles),40HC,3817,210,10,40,4077,2026-07-21,2026-08-05,35
RTE-00030,Evergreen,VNDNG (Da Nang),NLRTM (Rotterdam),20DC,1704,140,10,40,1894,2026-07-04,2026-07-19,16
RTE-00031,Evergreen,VNHPH (Hai Phong),DEHAM (Hamburg),40HC,3189,210,10,40,3449,2026-07-02,2026-07-17,22
RTE-00032,ONE,VNHPH (Hai Phong),USLGB (Long Beach),40HC,2595,210,10,40,2855,2026-07-23,2026-08-07,16
RTE-00033,Evergreen,VNSGN (Cat Lai),USLAX (Los Angeles),40HC,3735,210,10,40,3995,2026-07-08,2026-07-23,20
RTE-00034,ONE,VNHPH (Hai Phong),DEHAM (Hamburg),40HC,2527,210,10,40,2787,2026-07-25,2026-08-09,16
RTE-00035,Evergreen,VNDNG (Da Nang),NLRTM (Rotterdam),40HC,2532,210,10,40,2792,2026-07-11,2026-07-26,12
RTE-00036,ONE,VNDNG (Da Nang),USLAX (Los Angeles),20DC,1949,140,10,40,2139,2026-07-08,2026-07-23,13
RTE-00037,CMA CGM,VNDNG (Da Nang),CNSHA (Shanghai),20DC,262,140,10,40,452,2026-07-22,2026-08-06,19
RTE-00038,COSCO,VNSGN (Cat Lai),USLGB (Long Beach),20DC,2286,140,10,40,2476,2026-07-21,2026-08-05,12
RTE-00039,Evergreen,VNDNG (Da Nang),CNSHA (Shanghai),20DC,231,140,10,40,421,2026-07-30,2026-08-14,22
RTE-00040,COSCO,VNSGN (Cat Lai),DEHAM (Hamburg),40HC,2868,210,10,40,3128,2026-07-18,2026-08-02,24
RTE-00041,Hapag-Lloyd,VNSGN (Cat Lai),USLAX (Los Angeles),20DC,2089,140,10,40,2279,2026-07-26,2026-08-10,31
RTE-00042,CMA CGM,VNDNG (Da Nang),CNSHA (Shanghai),40HC,770,210,10,40,1030,2026-07-07,2026-07-22,26
RTE-00043,COSCO,VNSGN (Cat Lai),DEHAM (Hamburg),20DC,1715,140,10,40,1905,2026-07-07,2026-07-22,20
RTE-00044,CMA CGM,VNHPH (Hai Phong),NLRTM (Rotterdam),20DC,1982,140,10,40,2172,2026-07-15,2026-07-30,18
RTE-00045,Evergreen,VNDNG (Da Nang),DEHAM (Hamburg),40HC,2966,210,10,40,3226,2026-07-26,2026-08-10,14
RTE-00046,Evergreen,VNSGN (Cat Lai),USLGB (Long Beach),40HC,3918,210,10,40,4178,2026-07-01,2026-07-16,35
RTE-00047,Maersk,VNHPH (Hai Phong),USLGB (Long Beach),40HC,3207,210,10,40,3467,2026-07-27,2026-08-11,29
RTE-00048,Hapag-Lloyd,VNHPH (Hai Phong),USLGB (Long Beach),20DC,1916,140,10,40,2106,2026-07-21,2026-08-05,17
RTE-00049,COSCO,VNDNG (Da Nang),CNSHA (Shanghai),20DC,212,140,10,40,402,2026-07-25,2026-08-09,30
RTE-00050,Evergreen,VNDNG (Da Nang),CNSHA (Shanghai),40HC,487,210,10,40,747,2026-07-03,2026-07-18,19
RTE-00051,ONE,VNHPH (Hai Phong),NLRTM (Rotterdam),40HC,3018,210,10,40,3278,2026-07-07,2026-07-22,25
RTE-00052,Hapag-Lloyd,VNSGN (Cat Lai),NLRTM (Rotterdam),20DC,1729,140,10,40,1919,2026-07-04,2026-07-19,23
RTE-00053,Hapag-Lloyd,VNDNG (Da Nang),CNSHA (Shanghai),40HC,435,210,10,40,695,2026-07-16,2026-07-31,17
RTE-00054,ONE,VNDNG (Da Nang),CNSHA (Shanghai),40HC,477,210,10,40,737,2026-07-01,2026-07-16,29
RTE-00055,Maersk,VNSGN (Cat Lai),USLAX (Los Angeles),40HC,3544,210,10,40,3804,2026-07-02,2026-07-17,33
RTE-00056,ONE,VNSGN (Cat Lai),CNSHA (Shanghai),40HC,439,210,10,40,699,2026-07-19,2026-08-03,22
RTE-00057,MSC,VNDNG (Da Nang),DEHAM (Hamburg),20DC,1748,140,10,40,1938,2026-07-13,2026-07-28,28
RTE-00058,CMA CGM,VNHPH (Hai Phong),NLRTM (Rotterdam),20DC,1516,140,10,40,1706,2026-07-28,2026-08-12,21
RTE-00059,CMA CGM,VNSGN (Cat Lai),DEHAM (Hamburg),40HC,2592,210,10,40,2852,2026-07-05,2026-07-20,27
RTE-00060,CMA CGM,VNDNG (Da Nang),USLGB (Long Beach),20DC,2499,140,10,40,2689,2026-07-25,2026-08-09,12
RTE-00061,Maersk,VNSGN (Cat Lai),NLRTM (Rotterdam),20DC,1751,140,10,40,1941,2026-07-11,2026-07-26,33
RTE-00062,COSCO,VNDNG (Da Nang),USLGB (Long Beach),40HC,3189,210,10,40,3449,2026-07-10,2026-07-25,22
RTE-00063,Evergreen,VNSGN (Cat Lai),USLGB (Long Beach),20DC,2096,140,10,40,2286,2026-07-13,2026-07-28,26
RTE-00064,Maersk,VNSGN (Cat Lai),USLGB (Long Beach),40HC,2924,210,10,40,3184,2026-07-16,2026-07-31,25
RTE-00065,ONE,VNSGN (Cat Lai),NLRTM (Rotterdam),40HC,3000,210,10,40,3260,2026-07-05,2026-07-20,28
RTE-00066,Evergreen,VNHPH (Hai Phong),CNSHA (Shanghai),20DC,474,140,10,40,664,2026-07-14,2026-07-29,26
RTE-00067,ONE,VNSGN (Cat Lai),USLAX (Los Angeles),40HC,3268,210,10,40,3528,2026-07-28,2026-08-12,12
RTE-00068,Maersk,VNDNG (Da Nang),USLGB (Long Beach),20DC,1914,140,10,40,2104,2026-07-15,2026-07-30,19
RTE-00069,Maersk,VNSGN (Cat Lai),DEHAM (Hamburg),20DC,1842,140,10,40,2032,2026-07-20,2026-08-04,24
RTE-00070,Hapag-Lloyd,VNDNG (Da Nang),CNSHA (Shanghai),20DC,257,140,10,40,447,2026-07-29,2026-08-13,15
RTE-00071,ONE,VNSGN (Cat Lai),USLAX (Los Angeles),40HC,2873,210,10,40,3133,2026-07-23,2026-08-07,26
RTE-00072,MSC,VNDNG (Da Nang),USLAX (Los Angeles),20DC,2320,140,10,40,2510,2026-07-22,2026-08-06,27
RTE-00073,COSCO,VNHPH (Hai Phong),USLAX (Los Angeles),40HC,3940,210,10,40,4200,2026-07-22,2026-08-06,19
RTE-00074,COSCO,VNHPH (Hai Phong),USLAX (Los Angeles),40HC,2894,210,10,40,3154,2026-07-31,2026-08-15,21
RTE-00075,Hapag-Lloyd,VNDNG (Da Nang),NLRTM (Rotterdam),40HC,2525,210,10,40,2785,2026-07-28,2026-08-12,13
RTE-00076,Maersk,VNDNG (Da Nang),USLAX (Los Angeles),40HC,3802,210,10,40,4062,2026-07-12,2026-07-27,28
RTE-00077,Hapag-Lloyd,VNDNG (Da Nang),DEHAM (Hamburg),20DC,2024,140,10,40,2214,2026-07-22,2026-08-06,34
RTE-00078,COSCO,VNHPH (Hai Phong),NLRTM (Rotterdam),40HC,2218,210,10,40,2478,2026-07-20,2026-08-04,24
RTE-00079,COSCO,VNDNG (Da Nang),NLRTM (Rotterdam),20DC,2145,140,10,40,2335,2026-07-30,2026-08-14,30
RTE-00080,Maersk,VNHPH (Hai Phong),NLRTM (Rotterdam),20DC,1568,140,10,40,1758,2026-07-20,2026-08-04,25
RTE-00081,Evergreen,VNSGN (Cat Lai),CNSHA (Shanghai),20DC,381,140,10,40,571,2026-07-24,2026-08-08,14
RTE-00082,Evergreen,VNHPH (Hai Phong),DEHAM (Hamburg),20DC,1559,140,10,40,1749,2026-07-30,2026-08-14,35
RTE-00083,MSC,VNDNG (Da Nang),USLGB (Long Beach),40HC,3256,210,10,40,3516,2026-07-27,2026-08-11,31
RTE-00084,Hapag-Lloyd,VNDNG (Da Nang),NLRTM (Rotterdam),20DC,1679,140,10,40,1869,2026-07-05,2026-07-20,26
RTE-00085,COSCO,VNSGN (Cat Lai),DEHAM (Hamburg),20DC,2114,140,10,40,2304,2026-07-20,2026-08-04,25
RTE-00086,Evergreen,VNDNG (Da Nang),USLGB (Long Beach),40HC,3205,210,10,40,3465,2026-07-22,2026-08-06,14
RTE-00087,Maersk,VNHPH (Hai Phong),DEHAM (Hamburg),20DC,1584,140,10,40,1774,2026-07-10,2026-07-25,33
RTE-00088,Hapag-Lloyd,VNHPH (Hai Phong),USLAX (Los Angeles),40HC,3194,210,10,40,3454,2026-07-27,2026-08-11,21
RTE-00089,MSC,VNSGN (Cat Lai),USLGB (Long Beach),40HC,2817,210,10,40,3077,2026-07-15,2026-07-30,30
RTE-00090,Evergreen,VNSGN (Cat Lai),USLGB (Long Beach),20DC,1950,140,10,40,2140,2026-07-13,2026-07-28,20
RTE-00091,MSC,VNSGN (Cat Lai),USLAX (Los Angeles),40HC,3289,210,10,40,3549,2026-07-24,2026-08-08,32
RTE-00092,Hapag-Lloyd,VNDNG (Da Nang),DEHAM (Hamburg),40HC,3088,210,10,40,3348,2026-07-29,2026-08-13,24
RTE-00093,COSCO,VNHPH (Hai Phong),USLGB (Long Beach),40HC,3299,210,10,40,3559,2026-07-06,2026-07-21,14
RTE-00094,Hapag-Lloyd,VNHPH (Hai Phong),NLRTM (Rotterdam),40HC,2315,210,10,40,2575,2026-07-10,2026-07-25,34
RTE-00095,ONE,VNDNG (Da Nang),USLGB (Long Beach),40HC,2673,210,10,40,2933,2026-07-08,2026-07-23,13
RTE-00096,Maersk,VNHPH (Hai Phong),CNSHA (Shanghai),40HC,698,210,10,40,958,2026-07-05,2026-07-20,17
RTE-00097,CMA CGM,VNDNG (Da Nang),USLAX (Los Angeles),40HC,3543,210,10,40,3803,2026-07-19,2026-08-03,33
RTE-00098,MSC,VNHPH (Hai Phong),USLGB (Long Beach),20DC,2586,140,10,40,2776,2026-07-13,2026-07-28,19
RTE-00099,Maersk,VNDNG (Da Nang),USLAX (Los Angeles),20DC,2607,140,10,40,2797,2026-07-25,2026-08-09,28
RTE-00100,MSC,VNHPH (Hai Phong),USLAX (Los Angeles),40HC,3218,210,10,40,3478,2026-07-04,2026-07-19,27
RTE-00101,Evergreen,VNHPH (Hai Phong),NLRTM (Rotterdam),20DC,2180,140,10,40,2370,2026-07-18,2026-08-02,14
RTE-00102,Hapag-Lloyd,VNSGN (Cat Lai),USLAX (Los Angeles),40HC,3387,210,10,40,3647,2026-07-24,2026-08-08,30
RTE-00103,MSC,VNSGN (Cat Lai),NLRTM (Rotterdam),40HC,2206,210,10,40,2466,2026-07-15,2026-07-30,26
RTE-00104,Evergreen,VNSGN (Cat Lai),USLGB (Long Beach),20DC,2617,140,10,40,2807,2026-07-12,2026-07-27,20
RTE-00105,Evergreen,VNHPH (Hai Phong),CNSHA (Shanghai),40HC,660,210,10,40,920,2026-07-20,2026-08-04,28
RTE-00106,Maersk,VNDNG (Da Nang),DEHAM (Hamburg),20DC,1886,140,10,40,2076,2026-07-26,2026-08-10,14
RTE-00107,COSCO,VNSGN (Cat Lai),USLAX (Los Angeles),40HC,3932,210,10,40,4192,2026-07-02,2026-07-17,28
RTE-00108,ONE,VNSGN (Cat Lai),CNSHA (Shanghai),20DC,292,140,10,40,482,2026-07-21,2026-08-05,27
RTE-00109,COSCO,VNDNG (Da Nang),USLGB (Long Beach),40HC,2928,210,10,40,3188,2026-07-06,2026-07-21,27
RTE-00110,Hapag-Lloyd,VNSGN (Cat Lai),DEHAM (Hamburg),20DC,1766,140,10,40,1956,2026-07-05,2026-07-20,23
RTE-00111,CMA CGM,VNHPH (Hai Phong),USLAX (Los Angeles),20DC,2605,140,10,40,2795,2026-07-10,2026-07-25,21
RTE-00112,ONE,VNDNG (Da Nang),USLGB (Long Beach),40HC,2952,210,10,40,3212,2026-07-11,2026-07-26,35
RTE-00113,COSCO,VNDNG (Da Nang),USLGB (Long Beach),20DC,2689,140,10,40,2879,2026-07-06,2026-07-21,21
RTE-00114,COSCO,VNSGN (Cat Lai),CNSHA (Shanghai),20DC,426,140,10,40,616,2026-07-16,2026-07-31,19
RTE-00115,Maersk,VNSGN (Cat Lai),CNSHA (Shanghai),20DC,215,140,10,40,405,2026-07-29,2026-08-13,31
RTE-00116,Evergreen,VNDNG (Da Nang),DEHAM (Hamburg),40HC,2022,210,10,40,2282,2026-07-31,2026-08-15,16
RTE-00117,ONE,VNHPH (Hai Phong),NLRTM (Rotterdam),20DC,1521,140,10,40,1711,2026-07-28,2026-08-12,21
RTE-00118,CMA CGM,VNSGN (Cat Lai),DEHAM (Hamburg),40HC,2804,210,10,40,3064,2026-07-20,2026-08-04,35
RTE-00119,CMA CGM,VNDNG (Da Nang),CNSHA (Shanghai),40HC,576,210,10,40,836,2026-07-09,2026-07-24,17
RTE-00120,Evergreen,VNDNG (Da Nang),USLAX (Los Angeles),40HC,2821,210,10,40,3081,2026-07-11,2026-07-26,27
RTE-00121,Hapag-Lloyd,VNSGN (Cat Lai),USLAX (Los Angeles),40HC,3079,210,10,40,3339,2026-07-05,2026-07-20,25
RTE-00122,Maersk,VNHPH (Hai Phong),NLRTM (Rotterdam),40HC,2328,210,10,40,2588,2026-07-01,2026-07-16,17
RTE-00123,ONE,VNHPH (Hai Phong),USLAX (Los Angeles),40HC,2951,210,10,40,3211,2026-07-01,2026-07-16,33
RTE-00124,Evergreen,VNHPH (Hai Phong),CNSHA (Shanghai),40HC,705,210,10,40,965,2026-07-05,2026-07-20,29
RTE-00125,COSCO,VNSGN (Cat Lai),DEHAM (Hamburg),20DC,1645,140,10,40,1835,2026-07-14,2026-07-29,16
RTE-00126,ONE,VNSGN (Cat Lai),NLRTM (Rotterdam),40HC,2958,210,10,40,3218,2026-07-14,2026-07-29,26
RTE-00127,MSC,VNDNG (Da Nang),USLAX (Los Angeles),40HC,2785,210,10,40,3045,2026-07-24,2026-08-08,35
RTE-00128,COSCO,VNHPH (Hai Phong),DEHAM (Hamburg),20DC,1968,140,10,40,2158,2026-07-07,2026-07-22,32
RTE-00129,MSC,VNSGN (Cat Lai),USLGB (Long Beach),20DC,2733,140,10,40,2923,2026-07-31,2026-08-15,29
RTE-00130,ONE,VNHPH (Hai Phong),DEHAM (Hamburg),40HC,2549,210,10,40,2809,2026-07-11,2026-07-26,34
RTE-00131,MSC,VNDNG (Da Nang),USLAX (Los Angeles),40HC,3288,210,10,40,3548,2026-07-21,2026-08-05,14
RTE-00132,MSC,VNSGN (Cat Lai),CNSHA (Shanghai),20DC,222,140,10,40,412,2026-07-04,2026-07-19,30
RTE-00133,ONE,VNHPH (Hai Phong),DEHAM (Hamburg),20DC,1436,140,10,40,1626,2026-07-16,2026-07-31,22
RTE-00134,ONE,VNSGN (Cat Lai),DEHAM (Hamburg),40HC,2397,210,10,40,2657,2026-07-25,2026-08-09,33
RTE-00135,COSCO,VNDNG (Da Nang),CNSHA (Shanghai),40HC,644,210,10,40,904,2026-07-06,2026-07-21,20
RTE-00136,ONE,VNSGN (Cat Lai),CNSHA (Shanghai),20DC,363,140,10,40,553,2026-07-20,2026-08-04,31
RTE-00137,MSC,VNDNG (Da Nang),DEHAM (Hamburg),40HC,2653,210,10,40,2913,2026-07-24,2026-08-08,21
RTE-00138,Maersk,VNSGN (Cat Lai),CNSHA (Shanghai),20DC,283,140,10,40,473,2026-07-10,2026-07-25,30
RTE-00139,Evergreen,VNHPH (Hai Phong),NLRTM (Rotterdam),20DC,1566,140,10,40,1756,2026-07-13,2026-07-28,23
RTE-00140,ONE,VNHPH (Hai Phong),USLAX (Los Angeles),40HC,3306,210,10,40,3566,2026-07-25,2026-08-09,15
RTE-00141,MSC,VNSGN (Cat Lai),USLGB (Long Beach),40HC,2647,210,10,40,2907,2026-07-27,2026-08-11,29
RTE-00142,MSC,VNHPH (Hai Phong),NLRTM (Rotterdam),20DC,1406,140,10,40,1596,2026-07-08,2026-07-23,15
RTE-00143,Maersk,VNDNG (Da Nang),DEHAM (Hamburg),20DC,2004,140,10,40,2194,2026-07-26,2026-08-10,25
RTE-00144,ONE,VNDNG (Da Nang),NLRTM (Rotterdam),40HC,3192,210,10,40,3452,2026-07-01,2026-07-16,34
RTE-00145,COSCO,VNDNG (Da Nang),USLAX (Los Angeles),20DC,1828,140,10,40,2018,2026-07-02,2026-07-17,27
RTE-00146,Evergreen,VNDNG (Da Nang),CNSHA (Shanghai),40HC,634,210,10,40,894,2026-07-14,2026-07-29,34
RTE-00147,Hapag-Lloyd,VNHPH (Hai Phong),USLGB (Long Beach),20DC,2363,140,10,40,2553,2026-07-04,2026-07-19,20
RTE-00148,Evergreen,VNSGN (Cat Lai),NLRTM (Rotterdam),40HC,2024,210,10,40,2284,2026-07-20,2026-08-04,12
RTE-00149,CMA CGM,VNHPH (Hai Phong),CNSHA (Shanghai),20DC,395,140,10,40,585,2026-07-23,2026-08-07,12
RTE-00150,MSC,VNDNG (Da Nang),NLRTM (Rotterdam),40HC,2621,210,10,40,2881,2026-07-18,2026-08-02,34
RTE-00151,MSC,VNDNG (Da Nang),USLGB (Long Beach),20DC,2075,140,10,40,2265,2026-07-11,2026-07-26,14
RTE-00152,COSCO,VNHPH (Hai Phong),DEHAM (Hamburg),40HC,2821,210,10,40,3081,2026-07-07,2026-07-22,25
RTE-00153,MSC,VNDNG (Da Nang),USLAX (Los Angeles),40HC,3381,210,10,40,3641,2026-07-23,2026-08-07,35
RTE-00154,Evergreen,VNSGN (Cat Lai),USLGB (Long Beach),40HC,3591,210,10,40,3851,2026-07-08,2026-07-23,24
RTE-00155,Evergreen,VNSGN (Cat Lai),NLRTM (Rotterdam),20DC,1665,140,10,40,1855,2026-07-22,2026-08-06,32
RTE-00156,Hapag-Lloyd,VNHPH (Hai Phong),USLAX (Los Angeles),20DC,1877,140,10,40,2067,2026-07-10,2026-07-25,13
RTE-00157,Maersk,VNHPH (Hai Phong),CNSHA (Shanghai),40HC,568,210,10,40,828,2026-07-13,2026-07-28,21
RTE-00158,MSC,VNSGN (Cat Lai),USLGB (Long Beach),40HC,3662,210,10,40,3922,2026-07-01,2026-07-16,15
RTE-00159,Hapag-Lloyd,VNHPH (Hai Phong),DEHAM (Hamburg),40HC,2243,210,10,40,2503,2026-07-22,2026-08-06,25
RTE-00160,ONE,VNDNG (Da Nang),USLAX (Los Angeles),20DC,2378,140,10,40,2568,2026-07-01,2026-07-16,17
RTE-00161,Hapag-Lloyd,VNDNG (Da Nang),DEHAM (Hamburg),40HC,2443,210,10,40,2703,2026-07-14,2026-07-29,28
RTE-00162,CMA CGM,VNDNG (Da Nang),DEHAM (Hamburg),20DC,1525,140,10,40,1715,2026-07-19,2026-08-03,29
RTE-00163,Hapag-Lloyd,VNDNG (Da Nang),NLRTM (Rotterdam),20DC,1986,140,10,40,2176,2026-07-11,2026-07-26,33
RTE-00164,CMA CGM,VNHPH (Hai Phong),NLRTM (Rotterdam),40HC,3119,210,10,40,3379,2026-07-25,2026-08-09,30
RTE-00165,COSCO,VNSGN (Cat Lai),USLGB (Long Beach),20DC,2796,140,10,40,2986,2026-07-18,2026-08-02,31
RTE-00166,COSCO,VNHPH (Hai Phong),NLRTM (Rotterdam),20DC,1644,140,10,40,1834,2026-07-05,2026-07-20,23
RTE-00167,MSC,VNHPH (Hai Phong),NLRTM (Rotterdam),40HC,2994,210,10,40,3254,2026-07-01,2026-07-16,26
RTE-00168,MSC,VNSGN (Cat Lai),USLAX (Los Angeles),20DC,2717,140,10,40,2907,2026-07-29,2026-08-13,29
RTE-00169,CMA CGM,VNSGN (Cat Lai),CNSHA (Shanghai),20DC,473,140,10,40,663,2026-07-25,2026-08-09,18
RTE-00170,CMA CGM,VNDNG (Da Nang),USLAX (Los Angeles),20DC,2183,140,10,40,2373,2026-07-12,2026-07-27,14
RTE-00171,CMA CGM,VNSGN (Cat Lai),CNSHA (Shanghai),40HC,667,210,10,40,927,2026-07-25,2026-08-09,30
RTE-00172,CMA CGM,VNHPH (Hai Phong),CNSHA (Shanghai),40HC,772,210,10,40,1032,2026-07-31,2026-08-15,35
RTE-00173,COSCO,VNSGN (Cat Lai),USLAX (Los Angeles),20DC,2212,140,10,40,2402,2026-07-13,2026-07-28,22
RTE-00174,CMA CGM,VNDNG (Da Nang),USLAX (Los Angeles),20DC,2636,140,10,40,2826,2026-07-20,2026-08-04,16
RTE-00175,Hapag-Lloyd,VNHPH (Hai Phong),USLAX (Los Angeles),20DC,2319,140,10,40,2509,2026-07-10,2026-07-25,14
RTE-00176,COSCO,VNHPH (Hai Phong),USLGB (Long Beach),40HC,2951,210,10,40,3211,2026-07-11,2026-07-26,23
RTE-00177,COSCO,VNHPH (Hai Phong),DEHAM (Hamburg),20DC,1726,140,10,40,1916,2026-07-13,2026-07-28,20
RTE-00178,Maersk,VNSGN (Cat Lai),CNSHA (Shanghai),20DC,408,140,10,40,598,2026-07-02,2026-07-17,20
RTE-00179,Hapag-Lloyd,VNDNG (Da Nang),USLGB (Long Beach),40HC,2590,210,10,40,2850,2026-07-31,2026-08-15,15
RTE-00180,CMA CGM,VNDNG (Da Nang),USLAX (Los Angeles),20DC,2415,140,10,40,2605,2026-07-06,2026-07-21,22
RTE-00181,ONE,VNDNG (Da Nang),NLRTM (Rotterdam),40HC,3183,210,10,40,3443,2026-07-14,2026-07-29,29
RTE-00182,Evergreen,VNSGN (Cat Lai),DEHAM (Hamburg),40HC,2019,210,10,40,2279,2026-07-22,2026-08-06,27
RTE-00183,COSCO,VNHPH (Hai Phong),USLAX (Los Angeles),40HC,3023,210,10,40,3283,2026-07-30,2026-08-14,13
RTE-00184,Maersk,VNHPH (Hai Phong),CNSHA (Shanghai),20DC,327,140,10,40,517,2026-07-27,2026-08-11,29
RTE-00185,MSC,VNDNG (Da Nang),USLGB (Long Beach),40HC,3200,210,10,40,3460,2026-07-19,2026-08-03,22
RTE-00186,MSC,VNHPH (Hai Phong),CNSHA (Shanghai),40HC,605,210,10,40,865,2026-07-17,2026-08-01,24
RTE-00187,CMA CGM,VNSGN (Cat Lai),USLAX (Los Angeles),40HC,3963,210,10,40,4223,2026-07-04,2026-07-19,26
RTE-00188,Maersk,VNSGN (Cat Lai),USLAX (Los Angeles),20DC,2167,140,10,40,2357,2026-07-25,2026-08-09,30
RTE-00189,MSC,VNHPH (Hai Phong),CNSHA (Shanghai),40HC,688,210,10,40,948,2026-07-20,2026-08-04,34
RTE-00190,ONE,VNHPH (Hai Phong),USLAX (Los Angeles),20DC,2342,140,10,40,2532,2026-07-07,2026-07-22,33
RTE-00191,COSCO,VNSGN (Cat Lai),USLAX (Los Angeles),20DC,1804,140,10,40,1994,2026-07-06,2026-07-21,26
RTE-00192,Hapag-Lloyd,VNHPH (Hai Phong),USLGB (Long Beach),40HC,2667,210,10,40,2927,2026-07-09,2026-07-24,34
RTE-00193,Evergreen,VNHPH (Hai Phong),CNSHA (Shanghai),20DC,436,140,10,40,626,2026-07-31,2026-08-15,13
RTE-00194,MSC,VNHPH (Hai Phong),NLRTM (Rotterdam),20DC,2159,140,10,40,2349,2026-07-14,2026-07-29,17
RTE-00195,Maersk,VNDNG (Da Nang),DEHAM (Hamburg),20DC,2152,140,10,40,2342,2026-07-15,2026-07-30,15
RTE-00196,COSCO,VNSGN (Cat Lai),NLRTM (Rotterdam),20DC,1938,140,10,40,2128,2026-07-29,2026-08-13,33
RTE-00197,Maersk,VNDNG (Da Nang),USLGB (Long Beach),20DC,2700,140,10,40,2890,2026-07-04,2026-07-19,12
RTE-00198,ONE,VNDNG (Da Nang),USLGB (Long Beach),20DC,2671,140,10,40,2861,2026-07-30,2026-08-14,27
RTE-00199,COSCO,VNSGN (Cat Lai),NLRTM (Rotterdam),20DC,2159,140,10,40,2349,2026-07-10,2026-07-25,31
RTE-00200,COSCO,VNDNG (Da Nang),USLGB (Long Beach),20DC,2747,140,10,40,2937,2026-07-02,2026-07-17,13
RTE-00201,COSCO,VNSGN (Cat Lai),NLRTM (Rotterdam),40HC,2585,210,10,40,2845,2026-07-30,2026-08-14,26
RTE-00202,Maersk,VNDNG (Da Nang),CNSHA (Shanghai),20DC,227,140,10,40,417,2026-07-06,2026-07-21,26
RTE-00203,Maersk,VNHPH (Hai Phong),CNSHA (Shanghai),20DC,445,140,10,40,635,2026-07-21,2026-08-05,28
RTE-00204,COSCO,VNSGN (Cat Lai),USLAX (Los Angeles),20DC,2222,140,10,40,2412,2026-07-22,2026-08-06,21
RTE-00205,MSC,VNHPH (Hai Phong),USLGB (Long Beach),20DC,2435,140,10,40,2625,2026-07-07,2026-07-22,35
RTE-00206,ONE,VNSGN (Cat Lai),USLGB (Long Beach),40HC,3934,210,10,40,4194,2026-07-18,2026-08-02,25
RTE-00207,ONE,VNHPH (Hai Phong),NLRTM (Rotterdam),20DC,1895,140,10,40,2085,2026-07-07,2026-07-22,27
RTE-00208,CMA CGM,VNHPH (Hai Phong),CNSHA (Shanghai),20DC,397,140,10,40,587,2026-07-10,2026-07-25,30
RTE-00209,Hapag-Lloyd,VNSGN (Cat Lai),USLGB (Long Beach),40HC,3160,210,10,40,3420,2026-07-29,2026-08-13,19
RTE-00210,COSCO,VNSGN (Cat Lai),USLAX (Los Angeles),20DC,2062,140,10,40,2252,2026-07-15,2026-07-30,23
RTE-00211,MSC,VNHPH (Hai Phong),CNSHA (Shanghai),20DC,363,140,10,40,553,2026-07-05,2026-07-20,34
RTE-00212,MSC,VNSGN (Cat Lai),DEHAM (Hamburg),40HC,2431,210,10,40,2691,2026-07-02,2026-07-17,13
RTE-00213,Maersk,VNDNG (Da Nang),NLRTM (Rotterdam),40HC,2010,210,10,40,2270,2026-07-25,2026-08-09,28
RTE-00214,Maersk,VNDNG (Da Nang),USLAX (Los Angeles),20DC,1888,140,10,40,2078,2026-07-22,2026-08-06,26
RTE-00215,ONE,VNDNG (Da Nang),USLGB (Long Beach),20DC,1960,140,10,40,2150,2026-07-26,2026-08-10,14
RTE-00216,ONE,VNHPH (Hai Phong),USLAX (Los Angeles),40HC,3962,210,10,40,4222,2026-07-31,2026-08-15,35
RTE-00217,ONE,VNSGN (Cat Lai),NLRTM (Rotterdam),20DC,1923,140,10,40,2113,2026-07-01,2026-07-16,21
RTE-00218,MSC,VNSGN (Cat Lai),CNSHA (Shanghai),40HC,440,210,10,40,700,2026-07-24,2026-08-08,29
RTE-00219,MSC,VNDNG (Da Nang),NLRTM (Rotterdam),40HC,2231,210,10,40,2491,2026-07-21,2026-08-05,35
RTE-00220,Hapag-Lloyd,VNHPH (Hai Phong),USLAX (Los Angeles),40HC,2899,210,10,40,3159,2026-07-26,2026-08-10,22
RTE-00221,COSCO,VNHPH (Hai Phong),CNSHA (Shanghai),40HC,438,210,10,40,698,2026-07-15,2026-07-30,25
RTE-00222,ONE,VNHPH (Hai Phong),NLRTM (Rotterdam),40HC,2772,210,10,40,3032,2026-07-19,2026-08-03,34
RTE-00223,Evergreen,VNDNG (Da Nang),NLRTM (Rotterdam),40HC,2851,210,10,40,3111,2026-07-27,2026-08-11,31
RTE-00224,ONE,VNSGN (Cat Lai),NLRTM (Rotterdam),40HC,2406,210,10,40,2666,2026-07-02,2026-07-17,34
RTE-00225,ONE,VNHPH (Hai Phong),USLAX (Los Angeles),20DC,2790,140,10,40,2980,2026-07-13,2026-07-28,17
RTE-00226,Hapag-Lloyd,VNHPH (Hai Phong),DEHAM (Hamburg),40HC,2090,210,10,40,2350,2026-07-19,2026-08-03,34
RTE-00227,Evergreen,VNSGN (Cat Lai),DEHAM (Hamburg),40HC,2325,210,10,40,2585,2026-07-26,2026-08-10,18
RTE-00228,CMA CGM,VNSGN (Cat Lai),USLGB (Long Beach),20DC,2136,140,10,40,2326,2026-07-23,2026-08-07,33
RTE-00229,CMA CGM,VNDNG (Da Nang),CNSHA (Shanghai),20DC,414,140,10,40,604,2026-07-01,2026-07-16,24
RTE-00230,Hapag-Lloyd,VNHPH (Hai Phong),DEHAM (Hamburg),20DC,1504,140,10,40,1694,2026-07-13,2026-07-28,29
RTE-00231,Maersk,VNDNG (Da Nang),USLGB (Long Beach),40HC,3027,210,10,40,3287,2026-07-12,2026-07-27,16
RTE-00232,Evergreen,VNSGN (Cat Lai),USLGB (Long Beach),20DC,2378,140,10,40,2568,2026-07-21,2026-08-05,24
RTE-00233,Hapag-Lloyd,VNHPH (Hai Phong),NLRTM (Rotterdam),40HC,3134,210,10,40,3394,2026-07-22,2026-08-06,20
RTE-00234,CMA CGM,VNHPH (Hai Phong),USLGB (Long Beach),20DC,1985,140,10,40,2175,2026-07-22,2026-08-06,12
RTE-00235,MSC,VNSGN (Cat Lai),USLGB (Long Beach),40HC,3705,210,10,40,3965,2026-07-22,2026-08-06,16
RTE-00236,Hapag-Lloyd,VNHPH (Hai Phong),CNSHA (Shanghai),20DC,261,140,10,40,451,2026-07-18,2026-08-02,12
RTE-00237,ONE,VNDNG (Da Nang),CNSHA (Shanghai),20DC,462,140,10,40,652,2026-07-01,2026-07-16,20
RTE-00238,Hapag-Lloyd,VNDNG (Da Nang),CNSHA (Shanghai),40HC,592,210,10,40,852,2026-07-26,2026-08-10,22
RTE-00239,Hapag-Lloyd,VNHPH (Hai Phong),CNSHA (Shanghai),40HC,536,210,10,40,796,2026-07-08,2026-07-23,19
RTE-00240,Evergreen,VNHPH (Hai Phong),USLAX (Los Angeles),20DC,2593,140,10,40,2783,2026-07-27,2026-08-11,31
RTE-00241,Evergreen,VNHPH (Hai Phong),USLAX (Los Angeles),20DC,1871,140,10,40,2061,2026-07-18,2026-08-02,24
RTE-00242,Maersk,VNHPH (Hai Phong),USLGB (Long Beach),40HC,3072,210,10,40,3332,2026-07-21,2026-08-05,24
RTE-00243,CMA CGM,VNSGN (Cat Lai),DEHAM (Hamburg),40HC,2173,210,10,40,2433,2026-07-26,2026-08-10,17
RTE-00244,MSC,VNSGN (Cat Lai),USLAX (Los Angeles),40HC,3165,210,10,40,3425,2026-07-17,2026-08-01,32
RTE-00245,CMA CGM,VNSGN (Cat Lai),CNSHA (Shanghai),40HC,569,210,10,40,829,2026-07-26,2026-08-10,16
RTE-00246,MSC,VNSGN (Cat Lai),USLAX (Los Angeles),40HC,3374,210,10,40,3634,2026-07-31,2026-08-15,12
RTE-00247,Maersk,VNHPH (Hai Phong),USLAX (Los Angeles),20DC,2577,140,10,40,2767,2026-07-14,2026-07-29,21
RTE-00248,Hapag-Lloyd,VNHPH (Hai Phong),USLGB (Long Beach),40HC,3598,210,10,40,3858,2026-07-19,2026-08-03,24
RTE-00249,Maersk,VNHPH (Hai Phong),NLRTM (Rotterdam),40HC,2355,210,10,40,2615,2026-07-17,2026-08-01,19
RTE-00250,CMA CGM,VNDNG (Da Nang),USLAX (Los Angeles),20DC,1984,140,10,40,2174,2026-07-16,2026-07-31,21
RTE-00251,Evergreen,VNHPH (Hai Phong),USLAX (Los Angeles),20DC,2578,140,10,40,2768,2026-07-09,2026-07-24,13
RTE-00252,MSC,VNHPH (Hai Phong),NLRTM (Rotterdam),40HC,2476,210,10,40,2736,2026-07-08,2026-07-23,28
RTE-00253,Maersk,VNDNG (Da Nang),USLGB (Long Beach),40HC,3971,210,10,40,4231,2026-07-09,2026-07-24,24
RTE-00254,ONE,VNDNG (Da Nang),DEHAM (Hamburg),40HC,2312,210,10,40,2572,2026-07-22,2026-08-06,30
RTE-00255,COSCO,VNHPH (Hai Phong),CNSHA (Shanghai),40HC,778,210,10,40,1038,2026-07-24,2026-08-08,17
RTE-00256,MSC,VNHPH (Hai Phong),NLRTM (Rotterdam),40HC,2932,210,10,40,3192,2026-07-20,2026-08-04,13
RTE-00257,Maersk,VNHPH (Hai Phong),USLAX (Los Angeles),40HC,3426,210,10,40,3686,2026-07-02,2026-07-17,20
RTE-00258,Hapag-Lloyd,VNHPH (Hai Phong),NLRTM (Rotterdam),40HC,2184,210,10,40,2444,2026-07-06,2026-07-21,33
RTE-00259,Hapag-Lloyd,VNDNG (Da Nang),NLRTM (Rotterdam),40HC,2741,210,10,40,3001,2026-07-06,2026-07-21,12
RTE-00260,ONE,VNDNG (Da Nang),USLAX (Los Angeles),20DC,2183,140,10,40,2373,2026-07-25,2026-08-09,32
RTE-00261,Hapag-Lloyd,VNSGN (Cat Lai),CNSHA (Shanghai),40HC,741,210,10,40,1001,2026-07-05,2026-07-20,17
RTE-00262,Evergreen,VNDNG (Da Nang),CNSHA (Shanghai),40HC,694,210,10,40,954,2026-07-06,2026-07-21,12
RTE-00263,Hapag-Lloyd,VNSGN (Cat Lai),DEHAM (Hamburg),40HC,2868,210,10,40,3128,2026-07-19,2026-08-03,12
RTE-00264,Hapag-Lloyd,VNDNG (Da Nang),USLGB (Long Beach),40HC,3790,210,10,40,4050,2026-07-01,2026-07-16,20
RTE-00265,CMA CGM,VNHPH (Hai Phong),USLGB (Long Beach),20DC,2683,140,10,40,2873,2026-07-20,2026-08-04,31
RTE-00266,MSC,VNSGN (Cat Lai),USLGB (Long Beach),20DC,2618,140,10,40,2808,2026-07-04,2026-07-19,21
RTE-00267,Evergreen,VNSGN (Cat Lai),USLAX (Los Angeles),20DC,1814,140,10,40,2004,2026-07-12,2026-07-27,15
RTE-00268,Maersk,VNDNG (Da Nang),CNSHA (Shanghai),20DC,339,140,10,40,529,2026-07-29,2026-08-13,26
RTE-00269,CMA CGM,VNDNG (Da Nang),USLGB (Long Beach),20DC,2795,140,10,40,2985,2026-07-24,2026-08-08,26
RTE-00270,Evergreen,VNHPH (Hai Phong),CNSHA (Shanghai),40HC,620,210,10,40,880,2026-07-23,2026-08-07,35
RTE-00271,Maersk,VNSGN (Cat Lai),USLAX (Los Angeles),40HC,3835,210,10,40,4095,2026-07-08,2026-07-23,32
RTE-00272,MSC,VNDNG (Da Nang),NLRTM (Rotterdam),40HC,2058,210,10,40,2318,2026-07-03,2026-07-18,13
RTE-00273,COSCO,VNHPH (Hai Phong),USLAX (Los Angeles),20DC,2337,140,10,40,2527,2026-07-30,2026-08-14,18
RTE-00274,ONE,VNSGN (Cat Lai),NLRTM (Rotterdam),40HC,2402,210,10,40,2662,2026-07-14,2026-07-29,32
RTE-00275,Hapag-Lloyd,VNDNG (Da Nang),CNSHA (Shanghai),40HC,499,210,10,40,759,2026-07-03,2026-07-18,12
RTE-00276,COSCO,VNHPH (Hai Phong),NLRTM (Rotterdam),40HC,2891,210,10,40,3151,2026-07-30,2026-08-14,26
RTE-00277,Hapag-Lloyd,VNHPH (Hai Phong),USLAX (Los Angeles),40HC,3294,210,10,40,3554,2026-07-05,2026-07-20,12
RTE-00278,COSCO,VNSGN (Cat Lai),USLGB (Long Beach),40HC,3148,210,10,40,3408,2026-07-06,2026-07-21,15
RTE-00279,ONE,VNDNG (Da Nang),USLGB (Long Beach),20DC,2318,140,10,40,2508,2026-07-03,2026-07-18,14
RTE-00280,Hapag-Lloyd,VNHPH (Hai Phong),NLRTM (Rotterdam),40HC,2763,210,10,40,3023,2026-07-23,2026-08-07,34
RTE-00281,Maersk,VNDNG (Da Nang),USLAX (Los Angeles),20DC,1816,140,10,40,2006,2026-07-23,2026-08-07,26
RTE-00282,COSCO,VNSGN (Cat Lai),DEHAM (Hamburg),20DC,1641,140,10,40,1831,2026-07-14,2026-07-29,27
RTE-00283,Maersk,VNHPH (Hai Phong),USLAX (Los Angeles),40HC,2633,210,10,40,2893,2026-07-11,2026-07-26,18
RTE-00284,COSCO,VNHPH (Hai Phong),USLGB (Long Beach),40HC,3106,210,10,40,3366,2026-07-23,2026-08-07,22
RTE-00285,MSC,VNDNG (Da Nang),NLRTM (Rotterdam),20DC,1988,140,10,40,2178,2026-07-31,2026-08-15,18
RTE-00286,MSC,VNHPH (Hai Phong),DEHAM (Hamburg),20DC,2046,140,10,40,2236,2026-07-11,2026-07-26,26
RTE-00287,CMA CGM,VNDNG (Da Nang),NLRTM (Rotterdam),20DC,1454,140,10,40,1644,2026-07-30,2026-08-14,34
RTE-00288,Evergreen,VNSGN (Cat Lai),NLRTM (Rotterdam),20DC,1572,140,10,40,1762,2026-07-27,2026-08-11,33
RTE-00289,Maersk,VNSGN (Cat Lai),DEHAM (Hamburg),40HC,2621,210,10,40,2881,2026-07-18,2026-08-02,23
RTE-00290,Evergreen,VNDNG (Da Nang),USLAX (Los Angeles),40HC,3895,210,10,40,4155,2026-07-05,2026-07-20,33
RTE-00291,COSCO,VNHPH (Hai Phong),USLAX (Los Angeles),40HC,2677,210,10,40,2937,2026-07-22,2026-08-06,19
RTE-00292,CMA CGM,VNDNG (Da Nang),DEHAM (Hamburg),20DC,1483,140,10,40,1673,2026-07-25,2026-08-09,14
RTE-00293,Evergreen,VNDNG (Da Nang),DEHAM (Hamburg),20DC,1864,140,10,40,2054,2026-07-03,2026-07-18,25
RTE-00294,Maersk,VNDNG (Da Nang),CNSHA (Shanghai),20DC,367,140,10,40,557,2026-07-21,2026-08-05,24
RTE-00295,ONE,VNHPH (Hai Phong),USLAX (Los Angeles),40HC,3830,210,10,40,4090,2026-07-24,2026-08-08,28
RTE-00296,Hapag-Lloyd,VNSGN (Cat Lai),DEHAM (Hamburg),20DC,1939,140,10,40,2129,2026-07-14,2026-07-29,34
RTE-00297,MSC,VNSGN (Cat Lai),CNSHA (Shanghai),20DC,346,140,10,40,536,2026-07-28,2026-08-12,16
RTE-00298,Maersk,VNDNG (Da Nang),USLGB (Long Beach),20DC,2181,140,10,40,2371,2026-07-18,2026-08-02,25
RTE-00299,Hapag-Lloyd,VNHPH (Hai Phong),CNSHA (Shanghai),20DC,406,140,10,40,596,2026-07-24,2026-08-08,18
RTE-00300,CMA CGM,VNSGN (Cat Lai),CNSHA (Shanghai),20DC,267,140,10,40,457,2026-07-24,2026-08-08,25
RTE-00301,CMA CGM,VNSGN (Cat Lai),USLAX (Los Angeles),40HC,3328,210,10,40,3588,2026-07-29,2026-08-13,28
RTE-00302,Hapag-Lloyd,VNHPH (Hai Phong),USLAX (Los Angeles),20DC,1880,140,10,40,2070,2026-07-25,2026-08-09,17
RTE-00303,COSCO,VNDNG (Da Nang),CNSHA (Shanghai),20DC,229,140,10,40,419,2026-07-23,2026-08-07,31
RTE-00304,Evergreen,VNHPH (Hai Phong),USLAX (Los Angeles),20DC,2501,140,10,40,2691,2026-07-28,2026-08-12,24
RTE-00305,ONE,VNDNG (Da Nang),USLGB (Long Beach),20DC,1977,140,10,40,2167,2026-07-16,2026-07-31,29
RTE-00306,MSC,VNHPH (Hai Phong),USLGB (Long Beach),40HC,3096,210,10,40,3356,2026-07-23,2026-08-07,32
RTE-00307,ONE,VNSGN (Cat Lai),CNSHA (Shanghai),40HC,415,210,10,40,675,2026-07-30,2026-08-14,28
RTE-00308,Hapag-Lloyd,VNSGN (Cat Lai),DEHAM (Hamburg),40HC,2950,210,10,40,3210,2026-07-05,2026-07-20,28
RTE-00309,Maersk,VNSGN (Cat Lai),CNSHA (Shanghai),40HC,401,210,10,40,661,2026-07-03,2026-07-18,17
RTE-00310,Hapag-Lloyd,VNHPH (Hai Phong),USLAX (Los Angeles),20DC,2457,140,10,40,2647,2026-07-29,2026-08-13,12
RTE-00311,Maersk,VNSGN (Cat Lai),NLRTM (Rotterdam),20DC,1894,140,10,40,2084,2026-07-21,2026-08-05,13
RTE-00312,COSCO,VNHPH (Hai Phong),USLAX (Los Angeles),20DC,2177,140,10,40,2367,2026-07-10,2026-07-25,24
RTE-00313,MSC,VNDNG (Da Nang),USLAX (Los Angeles),20DC,2677,140,10,40,2867,2026-07-27,2026-08-11,21
RTE-00314,MSC,VNDNG (Da Nang),NLRTM (Rotterdam),20DC,1806,140,10,40,1996,2026-07-27,2026-08-11,12
RTE-00315,MSC,VNHPH (Hai Phong),NLRTM (Rotterdam),20DC,1771,140,10,40,1961,2026-07-07,2026-07-22,33
RTE-00316,ONE,VNSGN (Cat Lai),DEHAM (Hamburg),20DC,1740,140,10,40,1930,2026-07-07,2026-07-22,14
RTE-00317,CMA CGM,VNSGN (Cat Lai),DEHAM (Hamburg),20DC,2053,140,10,40,2243,2026-07-07,2026-07-22,21
RTE-00318,COSCO,VNSGN (Cat Lai),CNSHA (Shanghai),20DC,446,140,10,40,636,2026-07-07,2026-07-22,18
RTE-00319,Evergreen,VNSGN (Cat Lai),USLGB (Long Beach),40HC,3553,210,10,40,3813,2026-07-04,2026-07-19,30
RTE-00320,MSC,VNSGN (Cat Lai),USLGB (Long Beach),40HC,2857,210,10,40,3117,2026-07-23,2026-08-07,25
RTE-00321,MSC,VNSGN (Cat Lai),USLAX (Los Angeles),20DC,2003,140,10,40,2193,2026-07-01,2026-07-16,34
RTE-00322,Evergreen,VNHPH (Hai Phong),DEHAM (Hamburg),20DC,1847,140,10,40,2037,2026-07-08,2026-07-23,35
RTE-00323,COSCO,VNHPH (Hai Phong),USLGB (Long Beach),20DC,1904,140,10,40,2094,2026-07-28,2026-08-12,31
RTE-00324,MSC,VNSGN (Cat Lai),DEHAM (Hamburg),40HC,2403,210,10,40,2663,2026-07-26,2026-08-10,27
RTE-00325,CMA CGM,VNSGN (Cat Lai),NLRTM (Rotterdam),40HC,2075,210,10,40,2335,2026-07-18,2026-08-02,20
RTE-00326,CMA CGM,VNDNG (Da Nang),CNSHA (Shanghai),40HC,724,210,10,40,984,2026-07-14,2026-07-29,15
RTE-00327,MSC,VNSGN (Cat Lai),CNSHA (Shanghai),20DC,475,140,10,40,665,2026-07-15,2026-07-30,19
RTE-00328,CMA CGM,VNSGN (Cat Lai),USLGB (Long Beach),40HC,2807,210,10,40,3067,2026-07-13,2026-07-28,16
RTE-00329,CMA CGM,VNHPH (Hai Phong),CNSHA (Shanghai),20DC,483,140,10,40,673,2026-07-16,2026-07-31,18
RTE-00330,Hapag-Lloyd,VNSGN (Cat Lai),USLGB (Long Beach),20DC,2123,140,10,40,2313,2026-07-28,2026-08-12,20
RTE-00331,Evergreen,VNHPH (Hai Phong),USLAX (Los Angeles),40HC,3197,210,10,40,3457,2026-07-05,2026-07-20,19
RTE-00332,CMA CGM,VNHPH (Hai Phong),CNSHA (Shanghai),20DC,263,140,10,40,453,2026-07-16,2026-07-31,33
RTE-00333,CMA CGM,VNHPH (Hai Phong),NLRTM (Rotterdam),40HC,2914,210,10,40,3174,2026-07-20,2026-08-04,13
RTE-00334,CMA CGM,VNSGN (Cat Lai),DEHAM (Hamburg),40HC,3147,210,10,40,3407,2026-07-15,2026-07-30,29
RTE-00335,ONE,VNHPH (Hai Phong),USLAX (Los Angeles),20DC,2330,140,10,40,2520,2026-07-02,2026-07-17,13
RTE-00336,COSCO,VNHPH (Hai Phong),CNSHA (Shanghai),40HC,597,210,10,40,857,2026-07-17,2026-08-01,34
RTE-00337,Maersk,VNHPH (Hai Phong),CNSHA (Shanghai),20DC,316,140,10,40,506,2026-07-29,2026-08-13,17
RTE-00338,Evergreen,VNDNG (Da Nang),DEHAM (Hamburg),40HC,2688,210,10,40,2948,2026-07-09,2026-07-24,32
RTE-00339,ONE,VNHPH (Hai Phong),NLRTM (Rotterdam),40HC,2433,210,10,40,2693,2026-07-28,2026-08-12,25
RTE-00340,ONE,VNSGN (Cat Lai),DEHAM (Hamburg),20DC,2160,140,10,40,2350,2026-07-06,2026-07-21,30
RTE-00341,MSC,VNSGN (Cat Lai),CNSHA (Shanghai),20DC,231,140,10,40,421,2026-07-05,2026-07-20,20
RTE-00342,ONE,VNSGN (Cat Lai),USLGB (Long Beach),40HC,2741,210,10,40,3001,2026-07-04,2026-07-19,32
RTE-00343,Evergreen,VNHPH (Hai Phong),DEHAM (Hamburg),20DC,2107,140,10,40,2297,2026-07-15,2026-07-30,25
RTE-00344,Evergreen,VNSGN (Cat Lai),CNSHA (Shanghai),40HC,575,210,10,40,835,2026-07-15,2026-07-30,27
RTE-00345,CMA CGM,VNHPH (Hai Phong),DEHAM (Hamburg),20DC,1755,140,10,40,1945,2026-07-22,2026-08-06,22
RTE-00346,Hapag-Lloyd,VNDNG (Da Nang),NLRTM (Rotterdam),20DC,1948,140,10,40,2138,2026-07-03,2026-07-18,26
RTE-00347,Hapag-Lloyd,VNHPH (Hai Phong),USLGB (Long Beach),20DC,2393,140,10,40,2583,2026-07-01,2026-07-16,25
RTE-00348,Maersk,VNDNG (Da Nang),USLGB (Long Beach),40HC,3370,210,10,40,3630,2026-07-19,2026-08-03,17
RTE-00349,Maersk,VNHPH (Hai Phong),DEHAM (Hamburg),40HC,3043,210,10,40,3303,2026-07-21,2026-08-05,30
RTE-00350,COSCO,VNSGN (Cat Lai),USLGB (Long Beach),20DC,2163,140,10,40,2353,2026-07-06,2026-07-21,35
RTE-00351,COSCO,VNDNG (Da Nang),DEHAM (Hamburg),20DC,2116,140,10,40,2306,2026-07-20,2026-08-04,29
RTE-00352,MSC,VNSGN (Cat Lai),USLAX (Los Angeles),40HC,2852,210,10,40,3112,2026-07-14,2026-07-29,19
RTE-00353,CMA CGM,VNHPH (Hai Phong),CNSHA (Shanghai),40HC,696,210,10,40,956,2026-07-06,2026-07-21,30
RTE-00354,Maersk,VNDNG (Da Nang),NLRTM (Rotterdam),40HC,3032,210,10,40,3292,2026-07-27,2026-08-11,34
RTE-00355,CMA CGM,VNHPH (Hai Phong),DEHAM (Hamburg),40HC,2650,210,10,40,2910,2026-07-11,2026-07-26,25
RTE-00356,COSCO,VNHPH (Hai Phong),USLGB (Long Beach),20DC,2711,140,10,40,2901,2026-07-21,2026-08-05,28
RTE-00357,Hapag-Lloyd,VNHPH (Hai Phong),USLGB (Long Beach),40HC,3555,210,10,40,3815,2026-07-31,2026-08-15,30
RTE-00358,Hapag-Lloyd,VNSGN (Cat Lai),USLAX (Los Angeles),40HC,2653,210,10,40,2913,2026-07-24,2026-08-08,32
RTE-00359,CMA CGM,VNDNG (Da Nang),CNSHA (Shanghai),20DC,445,140,10,40,635,2026-07-26,2026-08-10,26
RTE-00360,COSCO,VNHPH (Hai Phong),CNSHA (Shanghai),40HC,484,210,10,40,744,2026-07-07,2026-07-22,18
RTE-00361,Maersk,VNHPH (Hai Phong),USLGB (Long Beach),20DC,1944,140,10,40,2134,2026-07-29,2026-08-13,23
RTE-00362,Hapag-Lloyd,VNSGN (Cat Lai),USLAX (Los Angeles),40HC,2782,210,10,40,3042,2026-07-18,2026-08-02,14
RTE-00363,COSCO,VNDNG (Da Nang),CNSHA (Shanghai),20DC,233,140,10,40,423,2026-07-09,2026-07-24,25
RTE-00364,COSCO,VNHPH (Hai Phong),CNSHA (Shanghai),40HC,753,210,10,40,1013,2026-07-08,2026-07-23,23
RTE-00365,COSCO,VNDNG (Da Nang),DEHAM (Hamburg),40HC,2425,210,10,40,2685,2026-07-15,2026-07-30,14
RTE-00366,CMA CGM,VNSGN (Cat Lai),CNSHA (Shanghai),40HC,435,210,10,40,695,2026-07-10,2026-07-25,28
RTE-00367,COSCO,VNDNG (Da Nang),USLAX (Los Angeles),40HC,3566,210,10,40,3826,2026-07-22,2026-08-06,26
RTE-00368,Hapag-Lloyd,VNDNG (Da Nang),NLRTM (Rotterdam),20DC,1578,140,10,40,1768,2026-07-02,2026-07-17,13
RTE-00369,MSC,VNDNG (Da Nang),USLGB (Long Beach),20DC,2333,140,10,40,2523,2026-07-29,2026-08-13,15
RTE-00370,Evergreen,VNHPH (Hai Phong),USLGB (Long Beach),40HC,3738,210,10,40,3998,2026-07-25,2026-08-09,20
RTE-00371,MSC,VNDNG (Da Nang),CNSHA (Shanghai),40HC,498,210,10,40,758,2026-07-16,2026-07-31,30
RTE-00372,Evergreen,VNDNG (Da Nang),DEHAM (Hamburg),40HC,2162,210,10,40,2422,2026-07-07,2026-07-22,12
RTE-00373,COSCO,VNHPH (Hai Phong),NLRTM (Rotterdam),40HC,2425,210,10,40,2685,2026-07-23,2026-08-07,20
RTE-00374,Hapag-Lloyd,VNDNG (Da Nang),CNSHA (Shanghai),40HC,735,210,10,40,995,2026-07-02,2026-07-17,21
RTE-00375,MSC,VNDNG (Da Nang),DEHAM (Hamburg),40HC,2920,210,10,40,3180,2026-07-21,2026-08-05,35
RTE-00376,ONE,VNHPH (Hai Phong),NLRTM (Rotterdam),40HC,2489,210,10,40,2749,2026-07-02,2026-07-17,25
RTE-00377,ONE,VNHPH (Hai Phong),NLRTM (Rotterdam),40HC,2204,210,10,40,2464,2026-07-12,2026-07-27,18
RTE-00378,Evergreen,VNSGN (Cat Lai),DEHAM (Hamburg),40HC,2981,210,10,40,3241,2026-07-13,2026-07-28,23
RTE-00379,Evergreen,VNHPH (Hai Phong),USLAX (Los Angeles),20DC,1817,140,10,40,2007,2026-07-14,2026-07-29,28
RTE-00380,Maersk,VNHPH (Hai Phong),USLAX (Los Angeles),40HC,3995,210,10,40,4255,2026-07-28,2026-08-12,26
RTE-00381,Evergreen,VNHPH (Hai Phong),NLRTM (Rotterdam),20DC,2009,140,10,40,2199,2026-07-15,2026-07-30,24
RTE-00382,Hapag-Lloyd,VNDNG (Da Nang),CNSHA (Shanghai),20DC,344,140,10,40,534,2026-07-20,2026-08-04,23
RTE-00383,Hapag-Lloyd,VNSGN (Cat Lai),USLAX (Los Angeles),20DC,1996,140,10,40,2186,2026-07-05,2026-07-20,29
RTE-00384,Hapag-Lloyd,VNDNG (Da Nang),USLGB (Long Beach),20DC,2426,140,10,40,2616,2026-07-20,2026-08-04,24
RTE-00385,CMA CGM,VNDNG (Da Nang),DEHAM (Hamburg),20DC,2105,140,10,40,2295,2026-07-13,2026-07-28,14
RTE-00386,CMA CGM,VNHPH (Hai Phong),USLAX (Los Angeles),40HC,3795,210,10,40,4055,2026-07-30,2026-08-14,22
RTE-00387,Hapag-Lloyd,VNDNG (Da Nang),CNSHA (Shanghai),20DC,480,140,10,40,670,2026-07-19,2026-08-03,32
RTE-00388,ONE,VNHPH (Hai Phong),USLAX (Los Angeles),20DC,1949,140,10,40,2139,2026-07-12,2026-07-27,15
RTE-00389,MSC,VNDNG (Da Nang),CNSHA (Shanghai),20DC,330,140,10,40,520,2026-07-14,2026-07-29,29
RTE-00390,ONE,VNDNG (Da Nang),CNSHA (Shanghai),40HC,693,210,10,40,953,2026-07-16,2026-07-31,23
RTE-00391,Evergreen,VNSGN (Cat Lai),USLGB (Long Beach),40HC,3503,210,10,40,3763,2026-07-08,2026-07-23,26
RTE-00392,Maersk,VNSGN (Cat Lai),USLAX (Los Angeles),20DC,2763,140,10,40,2953,2026-07-18,2026-08-02,29
RTE-00393,CMA CGM,VNDNG (Da Nang),CNSHA (Shanghai),20DC,401,140,10,40,591,2026-07-03,2026-07-18,13
RTE-00394,Evergreen,VNHPH (Hai Phong),DEHAM (Hamburg),20DC,2183,140,10,40,2373,2026-07-02,2026-07-17,31
RTE-00395,COSCO,VNHPH (Hai Phong),CNSHA (Shanghai),40HC,685,210,10,40,945,2026-07-26,2026-08-10,30
RTE-00396,ONE,VNHPH (Hai Phong),DEHAM (Hamburg),40HC,2580,210,10,40,2840,2026-07-27,2026-08-11,16
RTE-00397,MSC,VNSGN (Cat Lai),NLRTM (Rotterdam),40HC,2221,210,10,40,2481,2026-07-03,2026-07-18,13
RTE-00398,CMA CGM,VNHPH (Hai Phong),USLGB (Long Beach),40HC,2744,210,10,40,3004,2026-07-25,2026-08-09,34
RTE-00399,ONE,VNHPH (Hai Phong),USLGB (Long Beach),20DC,2360,140,10,40,2550,2026-07-18,2026-08-02,16
RTE-00400,Maersk,VNHPH (Hai Phong),USLAX (Los Angeles),40HC,3787,210,10,40,4047,2026-07-28,2026-08-12,22
RTE-00401,MSC,VNSGN (Cat Lai),USLAX (Los Angeles),40HC,2751,210,10,40,3011,2026-07-23,2026-08-07,30
RTE-00402,CMA CGM,VNSGN (Cat Lai),USLGB (Long Beach),20DC,2449,140,10,40,2639,2026-07-23,2026-08-07,15
RTE-00403,COSCO,VNDNG (Da Nang),CNSHA (Shanghai),40HC,666,210,10,40,926,2026-07-06,2026-07-21,29
RTE-00404,Hapag-Lloyd,VNHPH (Hai Phong),USLAX (Los Angeles),20DC,2296,140,10,40,2486,2026-07-26,2026-08-10,35
RTE-00405,Evergreen,VNSGN (Cat Lai),USLAX (Los Angeles),20DC,2761,140,10,40,2951,2026-07-12,2026-07-27,33
RTE-00406,Maersk,VNDNG (Da Nang),NLRTM (Rotterdam),40HC,2680,210,10,40,2940,2026-07-12,2026-07-27,23
RTE-00407,Hapag-Lloyd,VNSGN (Cat Lai),USLAX (Los Angeles),40HC,3382,210,10,40,3642,2026-07-12,2026-07-27,19
RTE-00408,Maersk,VNDNG (Da Nang),NLRTM (Rotterdam),40HC,3038,210,10,40,3298,2026-07-05,2026-07-20,31
RTE-00409,Maersk,VNDNG (Da Nang),DEHAM (Hamburg),20DC,1563,140,10,40,1753,2026-07-08,2026-07-23,14
RTE-00410,ONE,VNSGN (Cat Lai),DEHAM (Hamburg),40HC,2785,210,10,40,3045,2026-07-30,2026-08-14,33
RTE-00411,COSCO,VNSGN (Cat Lai),DEHAM (Hamburg),20DC,1546,140,10,40,1736,2026-07-23,2026-08-07,22
RTE-00412,MSC,VNHPH (Hai Phong),CNSHA (Shanghai),20DC,277,140,10,40,467,2026-07-16,2026-07-31,19
RTE-00413,CMA CGM,VNSGN (Cat Lai),USLGB (Long Beach),20DC,1976,140,10,40,2166,2026-07-04,2026-07-19,16
RTE-00414,Hapag-Lloyd,VNDNG (Da Nang),USLGB (Long Beach),40HC,2854,210,10,40,3114,2026-07-04,2026-07-19,13
RTE-00415,Evergreen,VNDNG (Da Nang),DEHAM (Hamburg),20DC,1904,140,10,40,2094,2026-07-30,2026-08-14,31
RTE-00416,Hapag-Lloyd,VNSGN (Cat Lai),USLAX (Los Angeles),40HC,2556,210,10,40,2816,2026-07-10,2026-07-25,23
RTE-00417,MSC,VNDNG (Da Nang),USLAX (Los Angeles),40HC,3657,210,10,40,3917,2026-07-04,2026-07-19,29
RTE-00418,ONE,VNSGN (Cat Lai),NLRTM (Rotterdam),40HC,2676,210,10,40,2936,2026-07-06,2026-07-21,30
RTE-00419,Hapag-Lloyd,VNDNG (Da Nang),NLRTM (Rotterdam),40HC,2721,210,10,40,2981,2026-07-26,2026-08-10,12
RTE-00420,CMA CGM,VNHPH (Hai Phong),USLGB (Long Beach),40HC,2578,210,10,40,2838,2026-07-14,2026-07-29,13
RTE-00421,Hapag-Lloyd,VNHPH (Hai Phong),NLRTM (Rotterdam),40HC,2845,210,10,40,3105,2026-07-03,2026-07-18,35
RTE-00422,COSCO,VNDNG (Da Nang),NLRTM (Rotterdam),40HC,3193,210,10,40,3453,2026-07-15,2026-07-30,15
RTE-00423,Maersk,VNHPH (Hai Phong),NLRTM (Rotterdam),20DC,1503,140,10,40,1693,2026-07-05,2026-07-20,16
RTE-00424,COSCO,VNSGN (Cat Lai),DEHAM (Hamburg),20DC,1978,140,10,40,2168,2026-07-04,2026-07-19,35
RTE-00425,Maersk,VNSGN (Cat Lai),USLGB (Long Beach),40HC,3375,210,10,40,3635,2026-07-02,2026-07-17,21
RTE-00426,Evergreen,VNHPH (Hai Phong),USLAX (Los Angeles),20DC,1851,140,10,40,2041,2026-07-12,2026-07-27,35
RTE-00427,CMA CGM,VNHPH (Hai Phong),DEHAM (Hamburg),40HC,2746,210,10,40,3006,2026-07-11,2026-07-26,17
RTE-00428,Maersk,VNSGN (Cat Lai),USLAX (Los Angeles),40HC,3384,210,10,40,3644,2026-07-31,2026-08-15,29
RTE-00429,MSC,VNHPH (Hai Phong),USLAX (Los Angeles),40HC,3119,210,10,40,3379,2026-07-07,2026-07-22,15
RTE-00430,Hapag-Lloyd,VNHPH (Hai Phong),DEHAM (Hamburg),20DC,1849,140,10,40,2039,2026-07-01,2026-07-16,26
RTE-00431,CMA CGM,VNDNG (Da Nang),USLGB (Long Beach),40HC,2828,210,10,40,3088,2026-07-02,2026-07-17,35
RTE-00432,CMA CGM,VNHPH (Hai Phong),USLAX (Los Angeles),20DC,2390,140,10,40,2580,2026-07-16,2026-07-31,25
RTE-00433,Hapag-Lloyd,VNDNG (Da Nang),USLAX (Los Angeles),40HC,3349,210,10,40,3609,2026-07-23,2026-08-07,33
RTE-00434,CMA CGM,VNSGN (Cat Lai),USLAX (Los Angeles),40HC,2746,210,10,40,3006,2026-07-24,2026-08-08,16
RTE-00435,Hapag-Lloyd,VNHPH (Hai Phong),CNSHA (Shanghai),40HC,680,210,10,40,940,2026-07-25,2026-08-09,16
RTE-00436,Hapag-Lloyd,VNDNG (Da Nang),USLAX (Los Angeles),40HC,2664,210,10,40,2924,2026-07-23,2026-08-07,33
RTE-00437,COSCO,VNHPH (Hai Phong),USLGB (Long Beach),40HC,3037,210,10,40,3297,2026-07-24,2026-08-08,34
RTE-00438,MSC,VNSGN (Cat Lai),USLAX (Los Angeles),20DC,2633,140,10,40,2823,2026-07-14,2026-07-29,28
RTE-00439,Evergreen,VNSGN (Cat Lai),NLRTM (Rotterdam),20DC,2153,140,10,40,2343,2026-07-01,2026-07-16,16
RTE-00440,Evergreen,VNDNG (Da Nang),CNSHA (Shanghai),40HC,641,210,10,40,901,2026-07-15,2026-07-30,23
RTE-00441,CMA CGM,VNSGN (Cat Lai),NLRTM (Rotterdam),20DC,2021,140,10,40,2211,2026-07-08,2026-07-23,22
RTE-00442,Evergreen,VNDNG (Da Nang),NLRTM (Rotterdam),20DC,2107,140,10,40,2297,2026-07-08,2026-07-23,22
RTE-00443,Hapag-Lloyd,VNHPH (Hai Phong),USLGB (Long Beach),20DC,2471,140,10,40,2661,2026-07-08,2026-07-23,28
RTE-00444,ONE,VNDNG (Da Nang),NLRTM (Rotterdam),40HC,2442,210,10,40,2702,2026-07-02,2026-07-17,19
RTE-00445,COSCO,VNHPH (Hai Phong),NLRTM (Rotterdam),40HC,2571,210,10,40,2831,2026-07-15,2026-07-30,13
RTE-00446,MSC,VNDNG (Da Nang),NLRTM (Rotterdam),20DC,1761,140,10,40,1951,2026-07-01,2026-07-16,35
RTE-00447,Evergreen,VNHPH (Hai Phong),DEHAM (Hamburg),40HC,3119,210,10,40,3379,2026-07-29,2026-08-13,12
RTE-00448,Maersk,VNHPH (Hai Phong),NLRTM (Rotterdam),20DC,1538,140,10,40,1728,2026-07-01,2026-07-16,19
RTE-00449,MSC,VNDNG (Da Nang),NLRTM (Rotterdam),20DC,1495,140,10,40,1685,2026-07-12,2026-07-27,12
RTE-00450,ONE,VNHPH (Hai Phong),CNSHA (Shanghai),40HC,433,210,10,40,693,2026-07-22,2026-08-06,12
RTE-00451,Hapag-Lloyd,VNSGN (Cat Lai),CNSHA (Shanghai),40HC,688,210,10,40,948,2026-07-17,2026-08-01,27
RTE-00452,CMA CGM,VNSGN (Cat Lai),USLAX (Los Angeles),20DC,2509,140,10,40,2699,2026-07-26,2026-08-10,16
RTE-00453,Hapag-Lloyd,VNDNG (Da Nang),DEHAM (Hamburg),40HC,2086,210,10,40,2346,2026-07-30,2026-08-14,34
RTE-00454,MSC,VNDNG (Da Nang),USLAX (Los Angeles),20DC,2762,140,10,40,2952,2026-07-03,2026-07-18,20
RTE-00455,COSCO,VNSGN (Cat Lai),NLRTM (Rotterdam),40HC,2752,210,10,40,3012,2026-07-05,2026-07-20,28
RTE-00456,Evergreen,VNHPH (Hai Phong),DEHAM (Hamburg),40HC,2773,210,10,40,3033,2026-07-26,2026-08-10,19
RTE-00457,Evergreen,VNSGN (Cat Lai),NLRTM (Rotterdam),40HC,2450,210,10,40,2710,2026-07-10,2026-07-25,25
RTE-00458,Evergreen,VNDNG (Da Nang),DEHAM (Hamburg),40HC,2636,210,10,40,2896,2026-07-21,2026-08-05,19
RTE-00459,MSC,VNDNG (Da Nang),USLAX (Los Angeles),20DC,2597,140,10,40,2787,2026-07-26,2026-08-10,20
RTE-00460,CMA CGM,VNSGN (Cat Lai),NLRTM (Rotterdam),20DC,2115,140,10,40,2305,2026-07-20,2026-08-04,25
RTE-00461,CMA CGM,VNHPH (Hai Phong),USLAX (Los Angeles),20DC,2431,140,10,40,2621,2026-07-24,2026-08-08,12
RTE-00462,COSCO,VNHPH (Hai Phong),USLGB (Long Beach),40HC,3841,210,10,40,4101,2026-07-31,2026-08-15,34
RTE-00463,Evergreen,VNSGN (Cat Lai),DEHAM (Hamburg),20DC,1429,140,10,40,1619,2026-07-18,2026-08-02,14
RTE-00464,ONE,VNDNG (Da Nang),NLRTM (Rotterdam),40HC,2344,210,10,40,2604,2026-07-07,2026-07-22,17
RTE-00465,CMA CGM,VNHPH (Hai Phong),NLRTM (Rotterdam),20DC,1415,140,10,40,1605,2026-07-30,2026-08-14,25
RTE-00466,Evergreen,VNSGN (Cat Lai),NLRTM (Rotterdam),40HC,2694,210,10,40,2954,2026-07-14,2026-07-29,20
RTE-00467,ONE,VNSGN (Cat Lai),NLRTM (Rotterdam),40HC,2698,210,10,40,2958,2026-07-17,2026-08-01,21
RTE-00468,COSCO,VNHPH (Hai Phong),USLAX (Los Angeles),40HC,2707,210,10,40,2967,2026-07-23,2026-08-07,27
RTE-00469,Hapag-Lloyd,VNDNG (Da Nang),NLRTM (Rotterdam),40HC,3198,210,10,40,3458,2026-07-23,2026-08-07,31
RTE-00470,MSC,VNHPH (Hai Phong),USLAX (Los Angeles),20DC,2135,140,10,40,2325,2026-07-18,2026-08-02,16
RTE-00471,MSC,VNDNG (Da Nang),CNSHA (Shanghai),20DC,339,140,10,40,529,2026-07-12,2026-07-27,28
RTE-00472,MSC,VNHPH (Hai Phong),DEHAM (Hamburg),20DC,2128,140,10,40,2318,2026-07-28,2026-08-12,34
RTE-00473,ONE,VNHPH (Hai Phong),USLGB (Long Beach),20DC,1953,140,10,40,2143,2026-07-07,2026-07-22,26
RTE-00474,Hapag-Lloyd,VNHPH (Hai Phong),DEHAM (Hamburg),20DC,2111,140,10,40,2301,2026-07-29,2026-08-13,34
RTE-00475,MSC,VNSGN (Cat Lai),NLRTM (Rotterdam),40HC,2329,210,10,40,2589,2026-07-24,2026-08-08,23
RTE-00476,COSCO,VNDNG (Da Nang),USLAX (Los Angeles),40HC,2772,210,10,40,3032,2026-07-23,2026-08-07,22
RTE-00477,CMA CGM,VNSGN (Cat Lai),CNSHA (Shanghai),40HC,681,210,10,40,941,2026-07-12,2026-07-27,15
RTE-00478,COSCO,VNSGN (Cat Lai),USLAX (Los Angeles),40HC,3148,210,10,40,3408,2026-07-04,2026-07-19,30
RTE-00479,Evergreen,VNDNG (Da Nang),NLRTM (Rotterdam),20DC,1896,140,10,40,2086,2026-07-29,2026-08-13,17
RTE-00480,ONE,VNHPH (Hai Phong),DEHAM (Hamburg),20DC,1818,140,10,40,2008,2026-07-30,2026-08-14,31
RTE-00481,Maersk,VNHPH (Hai Phong),CNSHA (Shanghai),20DC,363,140,10,40,553,2026-07-02,2026-07-17,14
RTE-00482,CMA CGM,VNDNG (Da Nang),USLGB (Long Beach),20DC,2514,140,10,40,2704,2026-07-26,2026-08-10,29
RTE-00483,Evergreen,VNDNG (Da Nang),USLAX (Los Angeles),40HC,2645,210,10,40,2905,2026-07-31,2026-08-15,33
RTE-00484,ONE,VNDNG (Da Nang),CNSHA (Shanghai),40HC,437,210,10,40,697,2026-07-11,2026-07-26,24
RTE-00485,Maersk,VNHPH (Hai Phong),CNSHA (Shanghai),20DC,448,140,10,40,638,2026-07-30,2026-08-14,31
RTE-00486,ONE,VNHPH (Hai Phong),NLRTM (Rotterdam),20DC,1753,140,10,40,1943,2026-07-08,2026-07-23,26
RTE-00487,ONE,VNDNG (Da Nang),DEHAM (Hamburg),20DC,2051,140,10,40,2241,2026-07-17,2026-08-01,31
RTE-00488,Maersk,VNHPH (Hai Phong),CNSHA (Shanghai),40HC,534,210,10,40,794,2026-07-11,2026-07-26,19
RTE-00489,CMA CGM,VNSGN (Cat Lai),USLGB (Long Beach),40HC,3894,210,10,40,4154,2026-07-06,2026-07-21,29
RTE-00490,CMA CGM,VNDNG (Da Nang),NLRTM (Rotterdam),40HC,2378,210,10,40,2638,2026-07-02,2026-07-17,18
RTE-00491,CMA CGM,VNHPH (Hai Phong),CNSHA (Shanghai),20DC,363,140,10,40,553,2026-07-07,2026-07-22,17
RTE-00492,Hapag-Lloyd,VNSGN (Cat Lai),CNSHA (Shanghai),20DC,220,140,10,40,410,2026-07-03,2026-07-18,22
RTE-00493,Maersk,VNDNG (Da Nang),NLRTM (Rotterdam),40HC,2674,210,10,40,2934,2026-07-10,2026-07-25,35
RTE-00494,Maersk,VNHPH (Hai Phong),USLAX (Los Angeles),40HC,3078,210,10,40,3338,2026-07-20,2026-08-04,33
RTE-00495,ONE,VNSGN (Cat Lai),CNSHA (Shanghai),40HC,429,210,10,40,689,2026-07-01,2026-07-16,20
RTE-00496,MSC,VNSGN (Cat Lai),USLAX (Los Angeles),20DC,2379,140,10,40,2569,2026-07-13,2026-07-28,21
RTE-00497,CMA CGM,VNSGN (Cat Lai),CNSHA (Shanghai),20DC,317,140,10,40,507,2026-07-06,2026-07-21,34
RTE-00498,COSCO,VNDNG (Da Nang),USLGB (Long Beach),40HC,3134,210,10,40,3394,2026-07-08,2026-07-23,34
RTE-00499,Maersk,VNDNG (Da Nang),DEHAM (Hamburg),20DC,1403,140,10,40,1593,2026-07-02,2026-07-17,32
RTE-00500,Evergreen,VNDNG (Da Nang),USLGB (Long Beach),20DC,2425,140,10,40,2615,2026-07-30,2026-08-14,35
RTE-00501,Hapag-Lloyd,VNHPH (Hai Phong),CNSHA (Shanghai),20DC,306,140,10,40,496,2026-07-02,2026-07-17,32
RTE-00502,COSCO,VNDNG (Da Nang),USLGB (Long Beach),20DC,1974,140,10,40,2164,2026-07-03,2026-07-18,25
RTE-00503,Hapag-Lloyd,VNHPH (Hai Phong),DEHAM (Hamburg),20DC,1938,140,10,40,2128,2026-07-18,2026-08-02,33
RTE-00504,Maersk,VNHPH (Hai Phong),CNSHA (Shanghai),20DC,338,140,10,40,528,2026-07-14,2026-07-29,29
RTE-00505,Maersk,VNSGN (Cat Lai),DEHAM (Hamburg),20DC,1597,140,10,40,1787,2026-07-16,2026-07-31,16
RTE-00506,COSCO,VNDNG (Da Nang),DEHAM (Hamburg),20DC,1733,140,10,40,1923,2026-07-28,2026-08-12,18
RTE-00507,Evergreen,VNSGN (Cat Lai),NLRTM (Rotterdam),20DC,1820,140,10,40,2010,2026-07-20,2026-08-04,32
RTE-00508,Hapag-Lloyd,VNHPH (Hai Phong),USLAX (Los Angeles),20DC,2776,140,10,40,2966,2026-07-04,2026-07-19,23
RTE-00509,CMA CGM,VNDNG (Da Nang),NLRTM (Rotterdam),20DC,1687,140,10,40,1877,2026-07-03,2026-07-18,34
RTE-00510,Maersk,VNDNG (Da Nang),NLRTM (Rotterdam),20DC,1716,140,10,40,1906,2026-07-10,2026-07-25,19
RTE-00511,Hapag-Lloyd,VNHPH (Hai Phong),DEHAM (Hamburg),40HC,2004,210,10,40,2264,2026-07-22,2026-08-06,25
RTE-00512,Evergreen,VNDNG (Da Nang),USLAX (Los Angeles),20DC,2704,140,10,40,2894,2026-07-06,2026-07-21,21
RTE-00513,COSCO,VNDNG (Da Nang),CNSHA (Shanghai),40HC,485,210,10,40,745,2026-07-14,2026-07-29,30
RTE-00514,Maersk,VNHPH (Hai Phong),DEHAM (Hamburg),20DC,2124,140,10,40,2314,2026-07-05,2026-07-20,34
RTE-00515,Evergreen,VNSGN (Cat Lai),USLGB (Long Beach),20DC,2619,140,10,40,2809,2026-07-25,2026-08-09,31
RTE-00516,CMA CGM,VNSGN (Cat Lai),USLAX (Los Angeles),40HC,3578,210,10,40,3838,2026-07-05,2026-07-20,35
RTE-00517,Hapag-Lloyd,VNHPH (Hai Phong),USLAX (Los Angeles),40HC,3059,210,10,40,3319,2026-07-25,2026-08-09,25
RTE-00518,COSCO,VNSGN (Cat Lai),USLAX (Los Angeles),20DC,2455,140,10,40,2645,2026-07-18,2026-08-02,25
RTE-00519,ONE,VNSGN (Cat Lai),USLAX (Los Angeles),40HC,2843,210,10,40,3103,2026-07-20,2026-08-04,27
RTE-00520,COSCO,VNSGN (Cat Lai),USLGB (Long Beach),20DC,2289,140,10,40,2479,2026-07-01,2026-07-16,13
RTE-00521,Maersk,VNDNG (Da Nang),DEHAM (Hamburg),20DC,1864,140,10,40,2054,2026-07-27,2026-08-11,14
RTE-00522,Maersk,VNSGN (Cat Lai),NLRTM (Rotterdam),20DC,2127,140,10,40,2317,2026-07-17,2026-08-01,23
RTE-00523,MSC,VNHPH (Hai Phong),USLGB (Long Beach),40HC,2742,210,10,40,3002,2026-07-15,2026-07-30,31
RTE-00524,ONE,VNDNG (Da Nang),CNSHA (Shanghai),40HC,527,210,10,40,787,2026-07-04,2026-07-19,19
RTE-00525,Maersk,VNHPH (Hai Phong),USLGB (Long Beach),20DC,2459,140,10,40,2649,2026-07-15,2026-07-30,16
RTE-00526,COSCO,VNHPH (Hai Phong),USLAX (Los Angeles),20DC,2560,140,10,40,2750,2026-07-12,2026-07-27,34
RTE-00527,Hapag-Lloyd,VNSGN (Cat Lai),DEHAM (Hamburg),20DC,2075,140,10,40,2265,2026-07-17,2026-08-01,23
RTE-00528,Evergreen,VNDNG (Da Nang),USLGB (Long Beach),40HC,3655,210,10,40,3915,2026-07-17,2026-08-01,12
RTE-00529,Evergreen,VNHPH (Hai Phong),USLAX (Los Angeles),40HC,3196,210,10,40,3456,2026-07-18,2026-08-02,35
RTE-00530,CMA CGM,VNSGN (Cat Lai),DEHAM (Hamburg),20DC,1883,140,10,40,2073,2026-07-03,2026-07-18,19
RTE-00531,CMA CGM,VNDNG (Da Nang),DEHAM (Hamburg),40HC,2745,210,10,40,3005,2026-07-10,2026-07-25,30
RTE-00532,MSC,VNHPH (Hai Phong),DEHAM (Hamburg),40HC,3104,210,10,40,3364,2026-07-04,2026-07-19,27
RTE-00533,ONE,VNHPH (Hai Phong),NLRTM (Rotterdam),40HC,2231,210,10,40,2491,2026-07-28,2026-08-12,28
RTE-00534,COSCO,VNHPH (Hai Phong),NLRTM (Rotterdam),20DC,1975,140,10,40,2165,2026-07-18,2026-08-02,33
RTE-00535,MSC,VNHPH (Hai Phong),DEHAM (Hamburg),40HC,3186,210,10,40,3446,2026-07-23,2026-08-07,28
RTE-00536,MSC,VNSGN (Cat Lai),DEHAM (Hamburg),40HC,2904,210,10,40,3164,2026-07-21,2026-08-05,35
RTE-00537,CMA CGM,VNDNG (Da Nang),USLAX (Los Angeles),20DC,2002,140,10,40,2192,2026-07-12,2026-07-27,31
RTE-00538,ONE,VNDNG (Da Nang),CNSHA (Shanghai),40HC,620,210,10,40,880,2026-07-10,2026-07-25,28
RTE-00539,COSCO,VNDNG (Da Nang),USLGB (Long Beach),20DC,2461,140,10,40,2651,2026-07-15,2026-07-30,18
RTE-00540,MSC,VNSGN (Cat Lai),NLRTM (Rotterdam),20DC,1821,140,10,40,2011,2026-07-28,2026-08-12,29
RTE-00541,COSCO,VNHPH (Hai Phong),CNSHA (Shanghai),20DC,466,140,10,40,656,2026-07-31,2026-08-15,25
RTE-00542,Evergreen,VNDNG (Da Nang),USLAX (Los Angeles),20DC,2061,140,10,40,2251,2026-07-07,2026-07-22,31
RTE-00543,CMA CGM,VNSGN (Cat Lai),USLGB (Long Beach),20DC,2334,140,10,40,2524,2026-07-14,2026-07-29,16
RTE-00544,MSC,VNHPH (Hai Phong),USLGB (Long Beach),40HC,3244,210,10,40,3504,2026-07-25,2026-08-09,33
RTE-00545,COSCO,VNSGN (Cat Lai),USLAX (Los Angeles),20DC,2705,140,10,40,2895,2026-07-01,2026-07-16,35
RTE-00546,MSC,VNHPH (Hai Phong),NLRTM (Rotterdam),40HC,2642,210,10,40,2902,2026-07-13,2026-07-28,24
RTE-00547,COSCO,VNSGN (Cat Lai),NLRTM (Rotterdam),40HC,3181,210,10,40,3441,2026-07-26,2026-08-10,33
RTE-00548,Evergreen,VNSGN (Cat Lai),CNSHA (Shanghai),40HC,662,210,10,40,922,2026-07-14,2026-07-29,32
RTE-00549,ONE,VNSGN (Cat Lai),NLRTM (Rotterdam),40HC,2251,210,10,40,2511,2026-07-11,2026-07-26,18
RTE-00550,MSC,VNHPH (Hai Phong),CNSHA (Shanghai),20DC,445,140,10,40,635,2026-07-17,2026-08-01,27
RTE-00551,CMA CGM,VNSGN (Cat Lai),DEHAM (Hamburg),20DC,1688,140,10,40,1878,2026-07-10,2026-07-25,27
RTE-00552,Hapag-Lloyd,VNHPH (Hai Phong),DEHAM (Hamburg),20DC,2154,140,10,40,2344,2026-07-26,2026-08-10,20
RTE-00553,COSCO,VNSGN (Cat Lai),USLAX (Los Angeles),20DC,2204,140,10,40,2394,2026-07-05,2026-07-20,33
RTE-00554,Evergreen,VNSGN (Cat Lai),DEHAM (Hamburg),20DC,1445,140,10,40,1635,2026-07-06,2026-07-21,34
RTE-00555,ONE,VNHPH (Hai Phong),USLAX (Los Angeles),40HC,2757,210,10,40,3017,2026-07-26,2026-08-10,14
RTE-00556,Maersk,VNHPH (Hai Phong),DEHAM (Hamburg),20DC,1906,140,10,40,2096,2026-07-25,2026-08-09,28
RTE-00557,MSC,VNSGN (Cat Lai),CNSHA (Shanghai),40HC,511,210,10,40,771,2026-07-24,2026-08-08,28
RTE-00558,ONE,VNDNG (Da Nang),DEHAM (Hamburg),40HC,3095,210,10,40,3355,2026-07-29,2026-08-13,22
RTE-00559,COSCO,VNSGN (Cat Lai),CNSHA (Shanghai),40HC,671,210,10,40,931,2026-07-09,2026-07-24,34
RTE-00560,ONE,VNSGN (Cat Lai),USLGB (Long Beach),40HC,2924,210,10,40,3184,2026-07-03,2026-07-18,30
RTE-00561,ONE,VNDNG (Da Nang),USLGB (Long Beach),20DC,2765,140,10,40,2955,2026-07-11,2026-07-26,28
RTE-00562,CMA CGM,VNDNG (Da Nang),USLAX (Los Angeles),20DC,2216,140,10,40,2406,2026-07-27,2026-08-11,30
RTE-00563,ONE,VNDNG (Da Nang),USLAX (Los Angeles),20DC,1824,140,10,40,2014,2026-07-04,2026-07-19,21
RTE-00564,Evergreen,VNHPH (Hai Phong),DEHAM (Hamburg),40HC,2002,210,10,40,2262,2026-07-05,2026-07-20,22
RTE-00565,Maersk,VNHPH (Hai Phong),USLGB (Long Beach),20DC,2193,140,10,40,2383,2026-07-04,2026-07-19,32
RTE-00566,Hapag-Lloyd,VNSGN (Cat Lai),NLRTM (Rotterdam),40HC,2546,210,10,40,2806,2026-07-29,2026-08-13,25
RTE-00567,Hapag-Lloyd,VNSGN (Cat Lai),DEHAM (Hamburg),40HC,2657,210,10,40,2917,2026-07-25,2026-08-09,19
RTE-00568,CMA CGM,VNDNG (Da Nang),USLGB (Long Beach),20DC,2527,140,10,40,2717,2026-07-23,2026-08-07,33
RTE-00569,Maersk,VNDNG (Da Nang),CNSHA (Shanghai),40HC,485,210,10,40,745,2026-07-21,2026-08-05,23
RTE-00570,CMA CGM,VNSGN (Cat Lai),NLRTM (Rotterdam),20DC,2027,140,10,40,2217,2026-07-03,2026-07-18,18
RTE-00571,Hapag-Lloyd,VNDNG (Da Nang),NLRTM (Rotterdam),40HC,2936,210,10,40,3196,2026-07-26,2026-08-10,27
RTE-00572,MSC,VNSGN (Cat Lai),USLGB (Long Beach),20DC,2163,140,10,40,2353,2026-07-02,2026-07-17,27
RTE-00573,COSCO,VNSGN (Cat Lai),CNSHA (Shanghai),40HC,628,210,10,40,888,2026-07-11,2026-07-26,21
RTE-00574,CMA CGM,VNDNG (Da Nang),NLRTM (Rotterdam),20DC,2120,140,10,40,2310,2026-07-27,2026-08-11,30
RTE-00575,Maersk,VNDNG (Da Nang),NLRTM (Rotterdam),40HC,2475,210,10,40,2735,2026-07-26,2026-08-10,34
RTE-00576,MSC,VNHPH (Hai Phong),NLRTM (Rotterdam),40HC,3056,210,10,40,3316,2026-07-08,2026-07-23,32
RTE-00577,Evergreen,VNHPH (Hai Phong),USLAX (Los Angeles),20DC,2513,140,10,40,2703,2026-07-01,2026-07-16,34
RTE-00578,MSC,VNSGN (Cat Lai),DEHAM (Hamburg),20DC,1668,140,10,40,1858,2026-07-23,2026-08-07,35
RTE-00579,Hapag-Lloyd,VNHPH (Hai Phong),USLGB (Long Beach),40HC,2995,210,10,40,3255,2026-07-16,2026-07-31,13
RTE-00580,Hapag-Lloyd,VNHPH (Hai Phong),USLAX (Los Angeles),20DC,2178,140,10,40,2368,2026-07-18,2026-08-02,28
RTE-00581,Evergreen,VNHPH (Hai Phong),DEHAM (Hamburg),40HC,3010,210,10,40,3270,2026-07-24,2026-08-08,21
RTE-00582,CMA CGM,VNSGN (Cat Lai),USLAX (Los Angeles),40HC,2866,210,10,40,3126,2026-07-22,2026-08-06,24
RTE-00583,CMA CGM,VNHPH (Hai Phong),DEHAM (Hamburg),20DC,1570,140,10,40,1760,2026-07-23,2026-08-07,14
RTE-00584,Evergreen,VNSGN (Cat Lai),USLAX (Los Angeles),40HC,3079,210,10,40,3339,2026-07-18,2026-08-02,29
RTE-00585,Hapag-Lloyd,VNDNG (Da Nang),USLGB (Long Beach),40HC,3364,210,10,40,3624,2026-07-31,2026-08-15,16
RTE-00586,Evergreen,VNDNG (Da Nang),NLRTM (Rotterdam),40HC,2953,210,10,40,3213,2026-07-22,2026-08-06,16
RTE-00587,CMA CGM,VNSGN (Cat Lai),DEHAM (Hamburg),40HC,2855,210,10,40,3115,2026-07-05,2026-07-20,24
RTE-00588,COSCO,VNDNG (Da Nang),USLGB (Long Beach),40HC,3876,210,10,40,4136,2026-07-25,2026-08-09,28
RTE-00589,ONE,VNHPH (Hai Phong),NLRTM (Rotterdam),20DC,1915,140,10,40,2105,2026-07-18,2026-08-02,18
RTE-00590,Maersk,VNHPH (Hai Phong),CNSHA (Shanghai),20DC,346,140,10,40,536,2026-07-22,2026-08-06,20
RTE-00591,Evergreen,VNDNG (Da Nang),CNSHA (Shanghai),40HC,495,210,10,40,755,2026-07-16,2026-07-31,35
RTE-00592,COSCO,VNDNG (Da Nang),USLGB (Long Beach),40HC,3120,210,10,40,3380,2026-07-20,2026-08-04,25
RTE-00593,MSC,VNHPH (Hai Phong),CNSHA (Shanghai),40HC,793,210,10,40,1053,2026-07-24,2026-08-08,16
RTE-00594,MSC,VNSGN (Cat Lai),NLRTM (Rotterdam),20DC,1944,140,10,40,2134,2026-07-03,2026-07-18,27
RTE-00595,Hapag-Lloyd,VNHPH (Hai Phong),USLGB (Long Beach),40HC,3867,210,10,40,4127,2026-07-11,2026-07-26,19
RTE-00596,ONE,VNSGN (Cat Lai),USLAX (Los Angeles),20DC,2669,140,10,40,2859,2026-07-13,2026-07-28,22
RTE-00597,ONE,VNHPH (Hai Phong),NLRTM (Rotterdam),20DC,1500,140,10,40,1690,2026-07-18,2026-08-02,18
RTE-00598,MSC,VNSGN (Cat Lai),DEHAM (Hamburg),20DC,1886,140,10,40,2076,2026-07-24,2026-08-08,15
RTE-00599,COSCO,VNDNG (Da Nang),DEHAM (Hamburg),20DC,2035,140,10,40,2225,2026-07-09,2026-07-24,16
RTE-00600,Hapag-Lloyd,VNHPH (Hai Phong),DEHAM (Hamburg),40HC,3003,210,10,40,3263,2026-07-23,2026-08-07,31
RTE-00601,COSCO,VNDNG (Da Nang),DEHAM (Hamburg),20DC,1505,140,10,40,1695,2026-07-09,2026-07-24,19
RTE-00602,ONE,VNHPH (Hai Phong),USLAX (Los Angeles),40HC,3454,210,10,40,3714,2026-07-09,2026-07-24,23
RTE-00603,Maersk,VNHPH (Hai Phong),USLAX (Los Angeles),40HC,2664,210,10,40,2924,2026-07-18,2026-08-02,19
RTE-00604,CMA CGM,VNHPH (Hai Phong),USLGB (Long Beach),40HC,3778,210,10,40,4038,2026-07-03,2026-07-18,13
RTE-00605,Evergreen,VNHPH (Hai Phong),USLAX (Los Angeles),40HC,3116,210,10,40,3376,2026-07-17,2026-08-01,14
RTE-00606,MSC,VNSGN (Cat Lai),DEHAM (Hamburg),20DC,2136,140,10,40,2326,2026-07-15,2026-07-30,18
RTE-00607,CMA CGM,VNHPH (Hai Phong),USLGB (Long Beach),20DC,2060,140,10,40,2250,2026-07-23,2026-08-07,28
RTE-00608,ONE,VNHPH (Hai Phong),DEHAM (Hamburg),20DC,2062,140,10,40,2252,2026-07-14,2026-07-29,18
RTE-00609,Evergreen,VNSGN (Cat Lai),CNSHA (Shanghai),40HC,410,210,10,40,670,2026-07-31,2026-08-15,21
RTE-00610,Hapag-Lloyd,VNHPH (Hai Phong),CNSHA (Shanghai),20DC,228,140,10,40,418,2026-07-02,2026-07-17,19
RTE-00611,COSCO,VNSGN (Cat Lai),USLAX (Los Angeles),20DC,2445,140,10,40,2635,2026-07-27,2026-08-11,28
RTE-00612,Hapag-Lloyd,VNSGN (Cat Lai),NLRTM (Rotterdam),40HC,3168,210,10,40,3428,2026-07-31,2026-08-15,24
RTE-00613,Hapag-Lloyd,VNDNG (Da Nang),DEHAM (Hamburg),20DC,1744,140,10,40,1934,2026-07-12,2026-07-27,26
RTE-00614,ONE,VNDNG (Da Nang),CNSHA (Shanghai),20DC,382,140,10,40,572,2026-07-02,2026-07-17,35
RTE-00615,Hapag-Lloyd,VNDNG (Da Nang),DEHAM (Hamburg),40HC,2336,210,10,40,2596,2026-07-06,2026-07-21,23
RTE-00616,Maersk,VNDNG (Da Nang),CNSHA (Shanghai),40HC,512,210,10,40,772,2026-07-29,2026-08-13,34
RTE-00617,Hapag-Lloyd,VNSGN (Cat Lai),USLAX (Los Angeles),20DC,1978,140,10,40,2168,2026-07-13,2026-07-28,17
RTE-00618,CMA CGM,VNDNG (Da Nang),USLAX (Los Angeles),40HC,2622,210,10,40,2882,2026-07-13,2026-07-28,16
RTE-00619,ONE,VNDNG (Da Nang),DEHAM (Hamburg),40HC,2980,210,10,40,3240,2026-07-30,2026-08-14,20
RTE-00620,Maersk,VNHPH (Hai Phong),USLAX (Los Angeles),20DC,2068,140,10,40,2258,2026-07-04,2026-07-19,14
RTE-00621,MSC,VNHPH (Hai Phong),NLRTM (Rotterdam),40HC,2149,210,10,40,2409,2026-07-04,2026-07-19,35
RTE-00622,MSC,VNSGN (Cat Lai),DEHAM (Hamburg),20DC,2093,140,10,40,2283,2026-07-12,2026-07-27,17
RTE-00623,CMA CGM,VNHPH (Hai Phong),USLAX (Los Angeles),20DC,2426,140,10,40,2616,2026-07-13,2026-07-28,22
RTE-00624,Hapag-Lloyd,VNDNG (Da Nang),DEHAM (Hamburg),40HC,2182,210,10,40,2442,2026-07-07,2026-07-22,24
RTE-00625,COSCO,VNHPH (Hai Phong),DEHAM (Hamburg),20DC,1876,140,10,40,2066,2026-07-08,2026-07-23,12
RTE-00626,ONE,VNDNG (Da Nang),USLAX (Los Angeles),20DC,2621,140,10,40,2811,2026-07-24,2026-08-08,18
RTE-00627,COSCO,VNHPH (Hai Phong),NLRTM (Rotterdam),40HC,2049,210,10,40,2309,2026-07-22,2026-08-06,31
RTE-00628,COSCO,VNDNG (Da Nang),CNSHA (Shanghai),20DC,242,140,10,40,432,2026-07-04,2026-07-19,16
RTE-00629,Maersk,VNSGN (Cat Lai),NLRTM (Rotterdam),20DC,1662,140,10,40,1852,2026-07-07,2026-07-22,29
RTE-00630,Evergreen,VNHPH (Hai Phong),NLRTM (Rotterdam),40HC,3124,210,10,40,3384,2026-07-07,2026-07-22,31
RTE-00631,Maersk,VNHPH (Hai Phong),USLGB (Long Beach),40HC,3256,210,10,40,3516,2026-07-11,2026-07-26,30
RTE-00632,Maersk,VNDNG (Da Nang),USLAX (Los Angeles),20DC,2528,140,10,40,2718,2026-07-08,2026-07-23,35
RTE-00633,MSC,VNDNG (Da Nang),DEHAM (Hamburg),40HC,2080,210,10,40,2340,2026-07-02,2026-07-17,23
RTE-00634,ONE,VNHPH (Hai Phong),CNSHA (Shanghai),40HC,573,210,10,40,833,2026-07-20,2026-08-04,35
RTE-00635,COSCO,VNDNG (Da Nang),DEHAM (Hamburg),40HC,2106,210,10,40,2366,2026-07-06,2026-07-21,28
RTE-00636,ONE,VNSGN (Cat Lai),DEHAM (Hamburg),20DC,1633,140,10,40,1823,2026-07-25,2026-08-09,31
RTE-00637,MSC,VNDNG (Da Nang),USLAX (Los Angeles),20DC,2634,140,10,40,2824,2026-07-30,2026-08-14,32
RTE-00638,ONE,VNDNG (Da Nang),DEHAM (Hamburg),20DC,1669,140,10,40,1859,2026-07-22,2026-08-06,23
RTE-00639,ONE,VNSGN (Cat Lai),NLRTM (Rotterdam),40HC,2894,210,10,40,3154,2026-07-15,2026-07-30,12
RTE-00640,Maersk,VNHPH (Hai Phong),DEHAM (Hamburg),40HC,2607,210,10,40,2867,2026-07-14,2026-07-29,15
RTE-00641,Evergreen,VNSGN (Cat Lai),DEHAM (Hamburg),20DC,2172,140,10,40,2362,2026-07-26,2026-08-10,15
RTE-00642,COSCO,VNSGN (Cat Lai),CNSHA (Shanghai),40HC,670,210,10,40,930,2026-07-19,2026-08-03,15
RTE-00643,Maersk,VNSGN (Cat Lai),CNSHA (Shanghai),40HC,751,210,10,40,1011,2026-07-04,2026-07-19,35
RTE-00644,Maersk,VNHPH (Hai Phong),USLGB (Long Beach),40HC,3616,210,10,40,3876,2026-07-18,2026-08-02,35
RTE-00645,Maersk,VNSGN (Cat Lai),USLAX (Los Angeles),20DC,2547,140,10,40,2737,2026-07-08,2026-07-23,33
RTE-00646,Evergreen,VNHPH (Hai Phong),USLAX (Los Angeles),40HC,2823,210,10,40,3083,2026-07-15,2026-07-30,30
RTE-00647,MSC,VNSGN (Cat Lai),USLAX (Los Angeles),20DC,1967,140,10,40,2157,2026-07-27,2026-08-11,35
RTE-00648,CMA CGM,VNDNG (Da Nang),CNSHA (Shanghai),40HC,464,210,10,40,724,2026-07-11,2026-07-26,15
RTE-00649,MSC,VNSGN (Cat Lai),DEHAM (Hamburg),20DC,1468,140,10,40,1658,2026-07-14,2026-07-29,15
RTE-00650,CMA CGM,VNSGN (Cat Lai),CNSHA (Shanghai),20DC,465,140,10,40,655,2026-07-12,2026-07-27,17
RTE-00651,Hapag-Lloyd,VNDNG (Da Nang),DEHAM (Hamburg),40HC,2057,210,10,40,2317,2026-07-06,2026-07-21,19
RTE-00652,ONE,VNSGN (Cat Lai),CNSHA (Shanghai),40HC,797,210,10,40,1057,2026-07-07,2026-07-22,34
RTE-00653,Evergreen,VNHPH (Hai Phong),DEHAM (Hamburg),40HC,2311,210,10,40,2571,2026-07-31,2026-08-15,26
RTE-00654,Evergreen,VNDNG (Da Nang),DEHAM (Hamburg),20DC,1553,140,10,40,1743,2026-07-31,2026-08-15,30
RTE-00655,Maersk,VNDNG (Da Nang),NLRTM (Rotterdam),40HC,3190,210,10,40,3450,2026-07-04,2026-07-19,23
RTE-00656,ONE,VNDNG (Da Nang),DEHAM (Hamburg),40HC,2199,210,10,40,2459,2026-07-19,2026-08-03,19
RTE-00657,MSC,VNSGN (Cat Lai),DEHAM (Hamburg),20DC,1461,140,10,40,1651,2026-07-01,2026-07-16,32
RTE-00658,ONE,VNHPH (Hai Phong),USLAX (Los Angeles),40HC,2860,210,10,40,3120,2026-07-04,2026-07-19,17
RTE-00659,Evergreen,VNHPH (Hai Phong),USLAX (Los Angeles),40HC,3373,210,10,40,3633,2026-07-25,2026-08-09,23
RTE-00660,MSC,VNDNG (Da Nang),NLRTM (Rotterdam),20DC,1993,140,10,40,2183,2026-07-17,2026-08-01,20
RTE-00661,Maersk,VNSGN (Cat Lai),DEHAM (Hamburg),20DC,1578,140,10,40,1768,2026-07-02,2026-07-17,34
RTE-00662,ONE,VNSGN (Cat Lai),CNSHA (Shanghai),20DC,321,140,10,40,511,2026-07-04,2026-07-19,31
RTE-00663,MSC,VNHPH (Hai Phong),USLGB (Long Beach),20DC,2285,140,10,40,2475,2026-07-13,2026-07-28,26
RTE-00664,CMA CGM,VNSGN (Cat Lai),DEHAM (Hamburg),40HC,2192,210,10,40,2452,2026-07-23,2026-08-07,34
RTE-00665,CMA CGM,VNDNG (Da Nang),NLRTM (Rotterdam),20DC,1407,140,10,40,1597,2026-07-25,2026-08-09,23
RTE-00666,MSC,VNDNG (Da Nang),CNSHA (Shanghai),20DC,349,140,10,40,539,2026-07-20,2026-08-04,21
RTE-00667,COSCO,VNHPH (Hai Phong),USLAX (Los Angeles),40HC,2880,210,10,40,3140,2026-07-27,2026-08-11,32
RTE-00668,MSC,VNDNG (Da Nang),USLAX (Los Angeles),40HC,3281,210,10,40,3541,2026-07-27,2026-08-11,19
RTE-00669,Hapag-Lloyd,VNDNG (Da Nang),DEHAM (Hamburg),20DC,1921,140,10,40,2111,2026-07-28,2026-08-12,28
RTE-00670,CMA CGM,VNHPH (Hai Phong),NLRTM (Rotterdam),40HC,2566,210,10,40,2826,2026-07-30,2026-08-14,18
RTE-00671,CMA CGM,VNHPH (Hai Phong),USLGB (Long Beach),20DC,2541,140,10,40,2731,2026-07-21,2026-08-05,12
RTE-00672,MSC,VNDNG (Da Nang),CNSHA (Shanghai),20DC,425,140,10,40,615,2026-07-05,2026-07-20,20
RTE-00673,COSCO,VNSGN (Cat Lai),USLGB (Long Beach),40HC,3875,210,10,40,4135,2026-07-20,2026-08-04,14
RTE-00674,Evergreen,VNHPH (Hai Phong),USLGB (Long Beach),40HC,2804,210,10,40,3064,2026-07-06,2026-07-21,18
RTE-00675,Evergreen,VNHPH (Hai Phong),USLAX (Los Angeles),40HC,2718,210,10,40,2978,2026-07-22,2026-08-06,29
RTE-00676,ONE,VNDNG (Da Nang),CNSHA (Shanghai),40HC,767,210,10,40,1027,2026-07-12,2026-07-27,28
RTE-00677,CMA CGM,VNDNG (Da Nang),USLAX (Los Angeles),20DC,2791,140,10,40,2981,2026-07-22,2026-08-06,29
RTE-00678,Hapag-Lloyd,VNSGN (Cat Lai),USLGB (Long Beach),40HC,2557,210,10,40,2817,2026-07-10,2026-07-25,19
RTE-00679,Maersk,VNDNG (Da Nang),DEHAM (Hamburg),40HC,3150,210,10,40,3410,2026-07-23,2026-08-07,12
RTE-00680,Maersk,VNDNG (Da Nang),NLRTM (Rotterdam),20DC,1427,140,10,40,1617,2026-07-31,2026-08-15,28
RTE-00681,Maersk,VNSGN (Cat Lai),USLGB (Long Beach),20DC,1846,140,10,40,2036,2026-07-02,2026-07-17,12
RTE-00682,Hapag-Lloyd,VNDNG (Da Nang),USLGB (Long Beach),40HC,3319,210,10,40,3579,2026-07-05,2026-07-20,24
RTE-00683,ONE,VNHPH (Hai Phong),USLGB (Long Beach),20DC,2422,140,10,40,2612,2026-07-18,2026-08-02,16
RTE-00684,ONE,VNHPH (Hai Phong),NLRTM (Rotterdam),40HC,3041,210,10,40,3301,2026-07-07,2026-07-22,30
RTE-00685,MSC,VNSGN (Cat Lai),USLGB (Long Beach),20DC,2012,140,10,40,2202,2026-07-06,2026-07-21,23
RTE-00686,Hapag-Lloyd,VNSGN (Cat Lai),CNSHA (Shanghai),40HC,459,210,10,40,719,2026-07-01,2026-07-16,23
RTE-00687,ONE,VNSGN (Cat Lai),NLRTM (Rotterdam),40HC,3200,210,10,40,3460,2026-07-26,2026-08-10,13
RTE-00688,Hapag-Lloyd,VNHPH (Hai Phong),DEHAM (Hamburg),40HC,2189,210,10,40,2449,2026-07-22,2026-08-06,31
RTE-00689,Evergreen,VNSGN (Cat Lai),USLAX (Los Angeles),40HC,3731,210,10,40,3991,2026-07-01,2026-07-16,22
RTE-00690,Evergreen,VNHPH (Hai Phong),USLAX (Los Angeles),20DC,2645,140,10,40,2835,2026-07-24,2026-08-08,30
RTE-00691,COSCO,VNSGN (Cat Lai),DEHAM (Hamburg),40HC,3016,210,10,40,3276,2026-07-28,2026-08-12,31
RTE-00692,MSC,VNSGN (Cat Lai),USLAX (Los Angeles),40HC,3099,210,10,40,3359,2026-07-29,2026-08-13,17
RTE-00693,ONE,VNSGN (Cat Lai),USLAX (Los Angeles),20DC,2188,140,10,40,2378,2026-07-19,2026-08-03,24
RTE-00694,Evergreen,VNDNG (Da Nang),DEHAM (Hamburg),20DC,1832,140,10,40,2022,2026-07-19,2026-08-03,14
RTE-00695,Hapag-Lloyd,VNDNG (Da Nang),DEHAM (Hamburg),40HC,2836,210,10,40,3096,2026-07-23,2026-08-07,16
RTE-00696,CMA CGM,VNSGN (Cat Lai),NLRTM (Rotterdam),20DC,1578,140,10,40,1768,2026-07-22,2026-08-06,35
RTE-00697,Maersk,VNDNG (Da Nang),DEHAM (Hamburg),40HC,2238,210,10,40,2498,2026-07-23,2026-08-07,28
RTE-00698,Evergreen,VNSGN (Cat Lai),NLRTM (Rotterdam),40HC,2149,210,10,40,2409,2026-07-25,2026-08-09,22
RTE-00699,ONE,VNHPH (Hai Phong),USLGB (Long Beach),20DC,2308,140,10,40,2498,2026-07-08,2026-07-23,22
RTE-00700,Hapag-Lloyd,VNSGN (Cat Lai),USLGB (Long Beach),40HC,3051,210,10,40,3311,2026-07-21,2026-08-05,16
RTE-00701,Hapag-Lloyd,VNHPH (Hai Phong),USLAX (Los Angeles),40HC,3810,210,10,40,4070,2026-07-14,2026-07-29,16
RTE-00702,ONE,VNDNG (Da Nang),DEHAM (Hamburg),20DC,1439,140,10,40,1629,2026-07-17,2026-08-01,30
RTE-00703,Maersk,VNSGN (Cat Lai),CNSHA (Shanghai),40HC,451,210,10,40,711,2026-07-20,2026-08-04,13
RTE-00704,Maersk,VNHPH (Hai Phong),DEHAM (Hamburg),20DC,1932,140,10,40,2122,2026-07-05,2026-07-20,29
RTE-00705,CMA CGM,VNDNG (Da Nang),DEHAM (Hamburg),20DC,1596,140,10,40,1786,2026-07-20,2026-08-04,25
RTE-00706,ONE,VNSGN (Cat Lai),USLAX (Los Angeles),40HC,3184,210,10,40,3444,2026-07-16,2026-07-31,33
RTE-00707,ONE,VNHPH (Hai Phong),DEHAM (Hamburg),40HC,2547,210,10,40,2807,2026-07-15,2026-07-30,15
RTE-00708,ONE,VNSGN (Cat Lai),DEHAM (Hamburg),20DC,1810,140,10,40,2000,2026-07-16,2026-07-31,33
RTE-00709,Hapag-Lloyd,VNSGN (Cat Lai),USLAX (Los Angeles),20DC,2541,140,10,40,2731,2026-07-06,2026-07-21,22
RTE-00710,Hapag-Lloyd,VNDNG (Da Nang),CNSHA (Shanghai),20DC,430,140,10,40,620,2026-07-11,2026-07-26,30
RTE-00711,CMA CGM,VNHPH (Hai Phong),USLGB (Long Beach),20DC,2747,140,10,40,2937,2026-07-07,2026-07-22,17
RTE-00712,Maersk,VNSGN (Cat Lai),USLGB (Long Beach),20DC,2593,140,10,40,2783,2026-07-20,2026-08-04,21
RTE-00713,Maersk,VNHPH (Hai Phong),USLGB (Long Beach),20DC,2687,140,10,40,2877,2026-07-22,2026-08-06,25
RTE-00714,COSCO,VNSGN (Cat Lai),DEHAM (Hamburg),20DC,1577,140,10,40,1767,2026-07-17,2026-08-01,35
RTE-00715,ONE,VNDNG (Da Nang),CNSHA (Shanghai),20DC,261,140,10,40,451,2026-07-27,2026-08-11,25
RTE-00716,Hapag-Lloyd,VNSGN (Cat Lai),CNSHA (Shanghai),40HC,755,210,10,40,1015,2026-07-03,2026-07-18,23
RTE-00717,Hapag-Lloyd,VNHPH (Hai Phong),CNSHA (Shanghai),40HC,554,210,10,40,814,2026-07-07,2026-07-22,16
RTE-00718,COSCO,VNDNG (Da Nang),USLAX (Los Angeles),40HC,3178,210,10,40,3438,2026-07-30,2026-08-14,15
RTE-00719,CMA CGM,VNHPH (Hai Phong),CNSHA (Shanghai),20DC,259,140,10,40,449,2026-07-24,2026-08-08,19
RTE-00720,COSCO,VNHPH (Hai Phong),USLGB (Long Beach),20DC,2128,140,10,40,2318,2026-07-02,2026-07-17,29
RTE-00721,Hapag-Lloyd,VNDNG (Da Nang),NLRTM (Rotterdam),20DC,1885,140,10,40,2075,2026-07-07,2026-07-22,23
RTE-00722,CMA CGM,VNSGN (Cat Lai),CNSHA (Shanghai),40HC,429,210,10,40,689,2026-07-15,2026-07-30,16
RTE-00723,CMA CGM,VNDNG (Da Nang),USLGB (Long Beach),40HC,2685,210,10,40,2945,2026-07-10,2026-07-25,15
RTE-00724,MSC,VNDNG (Da Nang),USLAX (Los Angeles),40HC,3004,210,10,40,3264,2026-07-14,2026-07-29,31
RTE-00725,Maersk,VNDNG (Da Nang),DEHAM (Hamburg),40HC,2889,210,10,40,3149,2026-07-20,2026-08-04,16
RTE-00726,ONE,VNSGN (Cat Lai),DEHAM (Hamburg),40HC,3089,210,10,40,3349,2026-07-02,2026-07-17,24
RTE-00727,Evergreen,VNHPH (Hai Phong),DEHAM (Hamburg),40HC,2119,210,10,40,2379,2026-07-29,2026-08-13,17
RTE-00728,MSC,VNHPH (Hai Phong),CNSHA (Shanghai),40HC,775,210,10,40,1035,2026-07-21,2026-08-05,26
RTE-00729,Maersk,VNHPH (Hai Phong),USLAX (Los Angeles),40HC,3221,210,10,40,3481,2026-07-04,2026-07-19,22
RTE-00730,Hapag-Lloyd,VNHPH (Hai Phong),DEHAM (Hamburg),40HC,2350,210,10,40,2610,2026-07-15,2026-07-30,23
RTE-00731,ONE,VNSGN (Cat Lai),NLRTM (Rotterdam),40HC,2552,210,10,40,2812,2026-07-23,2026-08-07,26
RTE-00732,Hapag-Lloyd,VNDNG (Da Nang),USLGB (Long Beach),20DC,2729,140,10,40,2919,2026-07-29,2026-08-13,34
RTE-00733,ONE,VNSGN (Cat Lai),USLGB (Long Beach),20DC,2216,140,10,40,2406,2026-07-11,2026-07-26,32
RTE-00734,ONE,VNSGN (Cat Lai),USLAX (Los Angeles),40HC,3034,210,10,40,3294,2026-07-16,2026-07-31,32
RTE-00735,MSC,VNSGN (Cat Lai),CNSHA (Shanghai),40HC,768,210,10,40,1028,2026-07-09,2026-07-24,32
RTE-00736,CMA CGM,VNDNG (Da Nang),USLGB (Long Beach),20DC,1904,140,10,40,2094,2026-07-18,2026-08-02,17
RTE-00737,CMA CGM,VNHPH (Hai Phong),USLAX (Los Angeles),40HC,3775,210,10,40,4035,2026-07-29,2026-08-13,27
RTE-00738,Hapag-Lloyd,VNDNG (Da Nang),CNSHA (Shanghai),40HC,455,210,10,40,715,2026-07-12,2026-07-27,19
RTE-00739,ONE,VNDNG (Da Nang),CNSHA (Shanghai),20DC,358,140,10,40,548,2026-07-10,2026-07-25,14
RTE-00740,CMA CGM,VNDNG (Da Nang),DEHAM (Hamburg),40HC,2834,210,10,40,3094,2026-07-12,2026-07-27,12
RTE-00741,CMA CGM,VNSGN (Cat Lai),CNSHA (Shanghai),40HC,423,210,10,40,683,2026-07-23,2026-08-07,20
RTE-00742,Maersk,VNSGN (Cat Lai),DEHAM (Hamburg),40HC,3033,210,10,40,3293,2026-07-01,2026-07-16,17
RTE-00743,Evergreen,VNDNG (Da Nang),USLGB (Long Beach),40HC,3083,210,10,40,3343,2026-07-28,2026-08-12,29
RTE-00744,COSCO,VNSGN (Cat Lai),USLAX (Los Angeles),20DC,2288,140,10,40,2478,2026-07-08,2026-07-23,20
RTE-00745,MSC,VNDNG (Da Nang),CNSHA (Shanghai),40HC,668,210,10,40,928,2026-07-21,2026-08-05,35
RTE-00746,Maersk,VNHPH (Hai Phong),CNSHA (Shanghai),40HC,782,210,10,40,1042,2026-07-30,2026-08-14,20
RTE-00747,MSC,VNHPH (Hai Phong),DEHAM (Hamburg),40HC,2788,210,10,40,3048,2026-07-31,2026-08-15,26
RTE-00748,MSC,VNDNG (Da Nang),CNSHA (Shanghai),20DC,340,140,10,40,530,2026-07-27,2026-08-11,13
RTE-00749,CMA CGM,VNSGN (Cat Lai),USLAX (Los Angeles),40HC,2658,210,10,40,2918,2026-07-07,2026-07-22,20
RTE-00750,Hapag-Lloyd,VNDNG (Da Nang),DEHAM (Hamburg),40HC,2020,210,10,40,2280,2026-07-09,2026-07-24,15
RTE-00751,Maersk,VNDNG (Da Nang),CNSHA (Shanghai),20DC,346,140,10,40,536,2026-07-08,2026-07-23,16
RTE-00752,Maersk,VNSGN (Cat Lai),USLGB (Long Beach),40HC,3579,210,10,40,3839,2026-07-05,2026-07-20,30
RTE-00753,Evergreen,VNSGN (Cat Lai),USLAX (Los Angeles),40HC,3001,210,10,40,3261,2026-07-01,2026-07-16,18
RTE-00754,COSCO,VNSGN (Cat Lai),USLAX (Los Angeles),20DC,2034,140,10,40,2224,2026-07-06,2026-07-21,21
RTE-00755,CMA CGM,VNSGN (Cat Lai),USLGB (Long Beach),20DC,2471,140,10,40,2661,2026-07-28,2026-08-12,32
RTE-00756,Hapag-Lloyd,VNHPH (Hai Phong),USLAX (Los Angeles),20DC,2284,140,10,40,2474,2026-07-01,2026-07-16,21
RTE-00757,CMA CGM,VNHPH (Hai Phong),USLAX (Los Angeles),20DC,2473,140,10,40,2663,2026-07-10,2026-07-25,28
RTE-00758,MSC,VNSGN (Cat Lai),DEHAM (Hamburg),20DC,1687,140,10,40,1877,2026-07-19,2026-08-03,27
RTE-00759,CMA CGM,VNDNG (Da Nang),DEHAM (Hamburg),20DC,1846,140,10,40,2036,2026-07-30,2026-08-14,28
RTE-00760,Hapag-Lloyd,VNDNG (Da Nang),NLRTM (Rotterdam),20DC,1512,140,10,40,1702,2026-07-18,2026-08-02,25
RTE-00761,ONE,VNDNG (Da Nang),DEHAM (Hamburg),40HC,2432,210,10,40,2692,2026-07-06,2026-07-21,31
RTE-00762,ONE,VNSGN (Cat Lai),DEHAM (Hamburg),40HC,2746,210,10,40,3006,2026-07-10,2026-07-25,18
RTE-00763,Maersk,VNDNG (Da Nang),USLAX (Los Angeles),20DC,2015,140,10,40,2205,2026-07-05,2026-07-20,24
RTE-00764,ONE,VNHPH (Hai Phong),USLAX (Los Angeles),40HC,3996,210,10,40,4256,2026-07-12,2026-07-27,18
RTE-00765,Maersk,VNHPH (Hai Phong),NLRTM (Rotterdam),20DC,1965,140,10,40,2155,2026-07-30,2026-08-14,32
RTE-00766,Maersk,VNDNG (Da Nang),DEHAM (Hamburg),40HC,2089,210,10,40,2349,2026-07-01,2026-07-16,13
RTE-00767,ONE,VNDNG (Da Nang),CNSHA (Shanghai),40HC,775,210,10,40,1035,2026-07-31,2026-08-15,27
RTE-00768,CMA CGM,VNDNG (Da Nang),NLRTM (Rotterdam),40HC,2737,210,10,40,2997,2026-07-09,2026-07-24,19
RTE-00769,ONE,VNHPH (Hai Phong),USLAX (Los Angeles),40HC,2868,210,10,40,3128,2026-07-29,2026-08-13,22
RTE-00770,Hapag-Lloyd,VNSGN (Cat Lai),USLGB (Long Beach),40HC,4000,210,10,40,4260,2026-07-14,2026-07-29,35
RTE-00771,ONE,VNDNG (Da Nang),USLAX (Los Angeles),40HC,3967,210,10,40,4227,2026-07-17,2026-08-01,18
RTE-00772,ONE,VNSGN (Cat Lai),USLGB (Long Beach),20DC,2363,140,10,40,2553,2026-07-14,2026-07-29,26
RTE-00773,MSC,VNHPH (Hai Phong),USLGB (Long Beach),20DC,2012,140,10,40,2202,2026-07-30,2026-08-14,26
RTE-00774,MSC,VNDNG (Da Nang),USLGB (Long Beach),20DC,2336,140,10,40,2526,2026-07-18,2026-08-02,13
RTE-00775,ONE,VNSGN (Cat Lai),CNSHA (Shanghai),20DC,415,140,10,40,605,2026-07-21,2026-08-05,19
RTE-00776,Maersk,VNSGN (Cat Lai),CNSHA (Shanghai),40HC,628,210,10,40,888,2026-07-29,2026-08-13,19
RTE-00777,COSCO,VNDNG (Da Nang),CNSHA (Shanghai),20DC,300,140,10,40,490,2026-07-25,2026-08-09,16
RTE-00778,MSC,VNDNG (Da Nang),NLRTM (Rotterdam),20DC,1696,140,10,40,1886,2026-07-13,2026-07-28,16
RTE-00779,Maersk,VNDNG (Da Nang),USLAX (Los Angeles),20DC,2007,140,10,40,2197,2026-07-07,2026-07-22,28
RTE-00780,Hapag-Lloyd,VNDNG (Da Nang),USLAX (Los Angeles),20DC,2070,140,10,40,2260,2026-07-26,2026-08-10,22
RTE-00781,Evergreen,VNHPH (Hai Phong),USLAX (Los Angeles),40HC,2766,210,10,40,3026,2026-07-08,2026-07-23,29
RTE-00782,ONE,VNHPH (Hai Phong),CNSHA (Shanghai),40HC,575,210,10,40,835,2026-07-28,2026-08-12,31
RTE-00783,ONE,VNDNG (Da Nang),NLRTM (Rotterdam),20DC,1926,140,10,40,2116,2026-07-18,2026-08-02,24
RTE-00784,COSCO,VNHPH (Hai Phong),USLGB (Long Beach),20DC,2150,140,10,40,2340,2026-07-05,2026-07-20,12
RTE-00785,Evergreen,VNDNG (Da Nang),CNSHA (Shanghai),40HC,526,210,10,40,786,2026-07-10,2026-07-25,31
RTE-00786,Evergreen,VNDNG (Da Nang),USLAX (Los Angeles),40HC,3341,210,10,40,3601,2026-07-10,2026-07-25,26
RTE-00787,Maersk,VNSGN (Cat Lai),NLRTM (Rotterdam),20DC,2097,140,10,40,2287,2026-07-27,2026-08-11,19
RTE-00788,ONE,VNHPH (Hai Phong),USLGB (Long Beach),20DC,2095,140,10,40,2285,2026-07-24,2026-08-08,26
RTE-00789,Hapag-Lloyd,VNSGN (Cat Lai),DEHAM (Hamburg),20DC,1723,140,10,40,1913,2026-07-26,2026-08-10,23
RTE-00790,COSCO,VNHPH (Hai Phong),DEHAM (Hamburg),40HC,2721,210,10,40,2981,2026-07-08,2026-07-23,27
RTE-00791,Evergreen,VNSGN (Cat Lai),CNSHA (Shanghai),20DC,309,140,10,40,499,2026-07-09,2026-07-24,15
RTE-00792,CMA CGM,VNHPH (Hai Phong),USLAX (Los Angeles),20DC,1925,140,10,40,2115,2026-07-21,2026-08-05,34
RTE-00793,CMA CGM,VNSGN (Cat Lai),USLGB (Long Beach),20DC,2757,140,10,40,2947,2026-07-25,2026-08-09,13
RTE-00794,COSCO,VNDNG (Da Nang),USLGB (Long Beach),20DC,2684,140,10,40,2874,2026-07-06,2026-07-21,29
RTE-00795,Maersk,VNDNG (Da Nang),USLGB (Long Beach),20DC,2673,140,10,40,2863,2026-07-27,2026-08-11,18
RTE-00796,COSCO,VNDNG (Da Nang),CNSHA (Shanghai),40HC,775,210,10,40,1035,2026-07-11,2026-07-26,25
RTE-00797,MSC,VNDNG (Da Nang),CNSHA (Shanghai),40HC,734,210,10,40,994,2026-07-27,2026-08-11,35
RTE-00798,COSCO,VNHPH (Hai Phong),DEHAM (Hamburg),20DC,1807,140,10,40,1997,2026-07-20,2026-08-04,32
RTE-00799,COSCO,VNDNG (Da Nang),CNSHA (Shanghai),20DC,360,140,10,40,550,2026-07-08,2026-07-23,30
RTE-00800,MSC,VNHPH (Hai Phong),USLGB (Long Beach),40HC,3814,210,10,40,4074,2026-07-28,2026-08-12,34
RTE-00801,MSC,VNHPH (Hai Phong),CNSHA (Shanghai),40HC,714,210,10,40,974,2026-07-21,2026-08-05,34
RTE-00802,Hapag-Lloyd,VNSGN (Cat Lai),USLAX (Los Angeles),20DC,2105,140,10,40,2295,2026-07-02,2026-07-17,20
RTE-00803,COSCO,VNHPH (Hai Phong),CNSHA (Shanghai),20DC,244,140,10,40,434,2026-07-04,2026-07-19,33
RTE-00804,ONE,VNSGN (Cat Lai),NLRTM (Rotterdam),40HC,2294,210,10,40,2554,2026-07-23,2026-08-07,34
RTE-00805,COSCO,VNSGN (Cat Lai),USLGB (Long Beach),40HC,3331,210,10,40,3591,2026-07-07,2026-07-22,21
RTE-00806,CMA CGM,VNSGN (Cat Lai),CNSHA (Shanghai),40HC,530,210,10,40,790,2026-07-17,2026-08-01,25
RTE-00807,CMA CGM,VNSGN (Cat Lai),CNSHA (Shanghai),20DC,426,140,10,40,616,2026-07-19,2026-08-03,26
RTE-00808,Hapag-Lloyd,VNSGN (Cat Lai),USLAX (Los Angeles),40HC,3551,210,10,40,3811,2026-07-19,2026-08-03,28
RTE-00809,Maersk,VNSGN (Cat Lai),USLGB (Long Beach),40HC,2992,210,10,40,3252,2026-07-10,2026-07-25,28
RTE-00810,COSCO,VNHPH (Hai Phong),USLGB (Long Beach),20DC,1853,140,10,40,2043,2026-07-13,2026-07-28,14
RTE-00811,Evergreen,VNDNG (Da Nang),NLRTM (Rotterdam),40HC,2018,210,10,40,2278,2026-07-26,2026-08-10,24
RTE-00812,MSC,VNSGN (Cat Lai),USLGB (Long Beach),40HC,2684,210,10,40,2944,2026-07-11,2026-07-26,31
RTE-00813,ONE,VNSGN (Cat Lai),USLAX (Los Angeles),40HC,3241,210,10,40,3501,2026-07-14,2026-07-29,32
RTE-00814,MSC,VNDNG (Da Nang),USLGB (Long Beach),20DC,2303,140,10,40,2493,2026-07-29,2026-08-13,17
RTE-00815,CMA CGM,VNDNG (Da Nang),USLGB (Long Beach),40HC,3666,210,10,40,3926,2026-07-28,2026-08-12,16
RTE-00816,CMA CGM,VNHPH (Hai Phong),CNSHA (Shanghai),20DC,499,140,10,40,689,2026-07-31,2026-08-15,34
RTE-00817,ONE,VNSGN (Cat Lai),USLGB (Long Beach),40HC,3170,210,10,40,3430,2026-07-09,2026-07-24,29
RTE-00818,MSC,VNSGN (Cat Lai),USLGB (Long Beach),20DC,2086,140,10,40,2276,2026-07-02,2026-07-17,28
RTE-00819,Evergreen,VNDNG (Da Nang),USLAX (Los Angeles),20DC,2717,140,10,40,2907,2026-07-29,2026-08-13,17
RTE-00820,COSCO,VNHPH (Hai Phong),NLRTM (Rotterdam),20DC,1694,140,10,40,1884,2026-07-27,2026-08-11,24
RTE-00821,CMA CGM,VNSGN (Cat Lai),USLAX (Los Angeles),40HC,3150,210,10,40,3410,2026-07-23,2026-08-07,17
RTE-00822,Maersk,VNSGN (Cat Lai),CNSHA (Shanghai),40HC,462,210,10,40,722,2026-07-10,2026-07-25,32
RTE-00823,Evergreen,VNSGN (Cat Lai),DEHAM (Hamburg),20DC,1477,140,10,40,1667,2026-07-12,2026-07-27,27
RTE-00824,Evergreen,VNSGN (Cat Lai),USLGB (Long Beach),40HC,3128,210,10,40,3388,2026-07-07,2026-07-22,14
RTE-00825,COSCO,VNDNG (Da Nang),CNSHA (Shanghai),20DC,224,140,10,40,414,2026-07-04,2026-07-19,13
RTE-00826,CMA CGM,VNSGN (Cat Lai),USLGB (Long Beach),20DC,2798,140,10,40,2988,2026-07-21,2026-08-05,27
RTE-00827,ONE,VNHPH (Hai Phong),USLAX (Los Angeles),20DC,2406,140,10,40,2596,2026-07-28,2026-08-12,19
RTE-00828,ONE,VNHPH (Hai Phong),USLGB (Long Beach),20DC,2172,140,10,40,2362,2026-07-30,2026-08-14,13
RTE-00829,MSC,VNDNG (Da Nang),CNSHA (Shanghai),40HC,698,210,10,40,958,2026-07-04,2026-07-19,21
RTE-00830,ONE,VNHPH (Hai Phong),USLAX (Los Angeles),40HC,2813,210,10,40,3073,2026-07-14,2026-07-29,35
RTE-00831,ONE,VNSGN (Cat Lai),DEHAM (Hamburg),20DC,1757,140,10,40,1947,2026-07-08,2026-07-23,25
RTE-00832,Hapag-Lloyd,VNHPH (Hai Phong),USLAX (Los Angeles),20DC,1885,140,10,40,2075,2026-07-31,2026-08-15,14
RTE-00833,Evergreen,VNSGN (Cat Lai),USLGB (Long Beach),40HC,3526,210,10,40,3786,2026-07-23,2026-08-07,17
RTE-00834,Maersk,VNDNG (Da Nang),USLGB (Long Beach),20DC,2392,140,10,40,2582,2026-07-09,2026-07-24,35
RTE-00835,ONE,VNHPH (Hai Phong),USLAX (Los Angeles),20DC,2411,140,10,40,2601,2026-07-22,2026-08-06,26
RTE-00836,CMA CGM,VNSGN (Cat Lai),NLRTM (Rotterdam),20DC,1690,140,10,40,1880,2026-07-20,2026-08-04,22
RTE-00837,CMA CGM,VNHPH (Hai Phong),DEHAM (Hamburg),40HC,2771,210,10,40,3031,2026-07-13,2026-07-28,12
RTE-00838,ONE,VNSGN (Cat Lai),NLRTM (Rotterdam),40HC,2267,210,10,40,2527,2026-07-14,2026-07-29,12
RTE-00839,CMA CGM,VNSGN (Cat Lai),USLGB (Long Beach),40HC,2543,210,10,40,2803,2026-07-05,2026-07-20,17
RTE-00840,Maersk,VNHPH (Hai Phong),DEHAM (Hamburg),40HC,2784,210,10,40,3044,2026-07-07,2026-07-22,21
RTE-00841,Evergreen,VNSGN (Cat Lai),DEHAM (Hamburg),20DC,1650,140,10,40,1840,2026-07-06,2026-07-21,29
RTE-00842,ONE,VNDNG (Da Nang),USLGB (Long Beach),20DC,2349,140,10,40,2539,2026-07-08,2026-07-23,17
RTE-00843,MSC,VNHPH (Hai Phong),CNSHA (Shanghai),20DC,383,140,10,40,573,2026-07-19,2026-08-03,18
RTE-00844,Maersk,VNHPH (Hai Phong),DEHAM (Hamburg),20DC,2000,140,10,40,2190,2026-07-17,2026-08-01,32
RTE-00845,Evergreen,VNSGN (Cat Lai),CNSHA (Shanghai),40HC,660,210,10,40,920,2026-07-28,2026-08-12,19
RTE-00846,COSCO,VNSGN (Cat Lai),USLAX (Los Angeles),40HC,3395,210,10,40,3655,2026-07-18,2026-08-02,33
RTE-00847,Hapag-Lloyd,VNHPH (Hai Phong),NLRTM (Rotterdam),40HC,2766,210,10,40,3026,2026-07-06,2026-07-21,35
RTE-00848,MSC,VNHPH (Hai Phong),USLAX (Los Angeles),40HC,3085,210,10,40,3345,2026-07-02,2026-07-17,13
RTE-00849,Hapag-Lloyd,VNHPH (Hai Phong),USLAX (Los Angeles),40HC,3399,210,10,40,3659,2026-07-03,2026-07-18,25
RTE-00850,Hapag-Lloyd,VNHPH (Hai Phong),CNSHA (Shanghai),20DC,448,140,10,40,638,2026-07-12,2026-07-27,15
RTE-00851,ONE,VNDNG (Da Nang),NLRTM (Rotterdam),20DC,1890,140,10,40,2080,2026-07-29,2026-08-13,17
RTE-00852,ONE,VNSGN (Cat Lai),DEHAM (Hamburg),20DC,1835,140,10,40,2025,2026-07-14,2026-07-29,33
RTE-00853,CMA CGM,VNHPH (Hai Phong),USLGB (Long Beach),40HC,2627,210,10,40,2887,2026-07-08,2026-07-23,17
RTE-00854,Hapag-Lloyd,VNSGN (Cat Lai),DEHAM (Hamburg),20DC,2122,140,10,40,2312,2026-07-06,2026-07-21,28
RTE-00855,MSC,VNSGN (Cat Lai),NLRTM (Rotterdam),20DC,2124,140,10,40,2314,2026-07-22,2026-08-06,27
RTE-00856,Hapag-Lloyd,VNHPH (Hai Phong),DEHAM (Hamburg),40HC,2610,210,10,40,2870,2026-07-22,2026-08-06,27
RTE-00857,MSC,VNSGN (Cat Lai),DEHAM (Hamburg),40HC,2124,210,10,40,2384,2026-07-15,2026-07-30,27
RTE-00858,CMA CGM,VNHPH (Hai Phong),USLGB (Long Beach),40HC,3368,210,10,40,3628,2026-07-28,2026-08-12,30
RTE-00859,CMA CGM,VNDNG (Da Nang),NLRTM (Rotterdam),20DC,1718,140,10,40,1908,2026-07-05,2026-07-20,24
RTE-00860,ONE,VNDNG (Da Nang),CNSHA (Shanghai),40HC,523,210,10,40,783,2026-07-25,2026-08-09,29
RTE-00861,COSCO,VNHPH (Hai Phong),DEHAM (Hamburg),20DC,1999,140,10,40,2189,2026-07-21,2026-08-05,12
RTE-00862,Hapag-Lloyd,VNHPH (Hai Phong),USLGB (Long Beach),20DC,2164,140,10,40,2354,2026-07-25,2026-08-09,31
RTE-00863,Hapag-Lloyd,VNDNG (Da Nang),USLAX (Los Angeles),20DC,2637,140,10,40,2827,2026-07-28,2026-08-12,19
RTE-00864,MSC,VNHPH (Hai Phong),USLAX (Los Angeles),40HC,3281,210,10,40,3541,2026-07-20,2026-08-04,27
RTE-00865,Maersk,VNHPH (Hai Phong),USLGB (Long Beach),20DC,2318,140,10,40,2508,2026-07-06,2026-07-21,33
RTE-00866,MSC,VNSGN (Cat Lai),NLRTM (Rotterdam),20DC,1729,140,10,40,1919,2026-07-22,2026-08-06,28
RTE-00867,Evergreen,VNHPH (Hai Phong),DEHAM (Hamburg),20DC,2055,140,10,40,2245,2026-07-29,2026-08-13,33
RTE-00868,COSCO,VNDNG (Da Nang),NLRTM (Rotterdam),40HC,3116,210,10,40,3376,2026-07-31,2026-08-15,18
RTE-00869,MSC,VNSGN (Cat Lai),DEHAM (Hamburg),20DC,1967,140,10,40,2157,2026-07-09,2026-07-24,33
RTE-00870,Hapag-Lloyd,VNSGN (Cat Lai),NLRTM (Rotterdam),40HC,2089,210,10,40,2349,2026-07-26,2026-08-10,26
RTE-00871,Hapag-Lloyd,VNDNG (Da Nang),CNSHA (Shanghai),40HC,570,210,10,40,830,2026-07-19,2026-08-03,14
RTE-00872,Evergreen,VNHPH (Hai Phong),USLGB (Long Beach),20DC,1926,140,10,40,2116,2026-07-31,2026-08-15,28
RTE-00873,COSCO,VNDNG (Da Nang),CNSHA (Shanghai),40HC,589,210,10,40,849,2026-07-31,2026-08-15,33
RTE-00874,Maersk,VNHPH (Hai Phong),DEHAM (Hamburg),40HC,2002,210,10,40,2262,2026-07-14,2026-07-29,23
RTE-00875,ONE,VNSGN (Cat Lai),DEHAM (Hamburg),20DC,1410,140,10,40,1600,2026-07-23,2026-08-07,34
RTE-00876,Hapag-Lloyd,VNDNG (Da Nang),USLAX (Los Angeles),20DC,1885,140,10,40,2075,2026-07-05,2026-07-20,35
RTE-00877,CMA CGM,VNHPH (Hai Phong),USLGB (Long Beach),20DC,2130,140,10,40,2320,2026-07-31,2026-08-15,25
RTE-00878,CMA CGM,VNHPH (Hai Phong),USLAX (Los Angeles),20DC,2541,140,10,40,2731,2026-07-02,2026-07-17,31
RTE-00879,Hapag-Lloyd,VNDNG (Da Nang),CNSHA (Shanghai),20DC,323,140,10,40,513,2026-07-28,2026-08-12,18
RTE-00880,ONE,VNSGN (Cat Lai),CNSHA (Shanghai),20DC,268,140,10,40,458,2026-07-09,2026-07-24,32
RTE-00881,ONE,VNDNG (Da Nang),CNSHA (Shanghai),40HC,693,210,10,40,953,2026-07-03,2026-07-18,16
RTE-00882,ONE,VNHPH (Hai Phong),DEHAM (Hamburg),20DC,2200,140,10,40,2390,2026-07-29,2026-08-13,31
RTE-00883,ONE,VNDNG (Da Nang),NLRTM (Rotterdam),40HC,2697,210,10,40,2957,2026-07-06,2026-07-21,22
RTE-00884,Hapag-Lloyd,VNDNG (Da Nang),DEHAM (Hamburg),20DC,1955,140,10,40,2145,2026-07-11,2026-07-26,31
RTE-00885,Evergreen,VNSGN (Cat Lai),CNSHA (Shanghai),20DC,286,140,10,40,476,2026-07-07,2026-07-22,20
RTE-00886,CMA CGM,VNDNG (Da Nang),NLRTM (Rotterdam),20DC,1988,140,10,40,2178,2026-07-28,2026-08-12,31
RTE-00887,Hapag-Lloyd,VNDNG (Da Nang),CNSHA (Shanghai),20DC,389,140,10,40,579,2026-07-08,2026-07-23,27
RTE-00888,MSC,VNHPH (Hai Phong),DEHAM (Hamburg),40HC,2372,210,10,40,2632,2026-07-06,2026-07-21,20
RTE-00889,Evergreen,VNDNG (Da Nang),CNSHA (Shanghai),40HC,640,210,10,40,900,2026-07-06,2026-07-21,35
RTE-00890,MSC,VNDNG (Da Nang),CNSHA (Shanghai),40HC,702,210,10,40,962,2026-07-10,2026-07-25,25
RTE-00891,MSC,VNSGN (Cat Lai),USLAX (Los Angeles),40HC,3130,210,10,40,3390,2026-07-11,2026-07-26,12
RTE-00892,ONE,VNSGN (Cat Lai),USLAX (Los Angeles),20DC,1924,140,10,40,2114,2026-07-15,2026-07-30,21
RTE-00893,CMA CGM,VNDNG (Da Nang),USLAX (Los Angeles),40HC,3309,210,10,40,3569,2026-07-15,2026-07-30,32
RTE-00894,CMA CGM,VNHPH (Hai Phong),USLAX (Los Angeles),20DC,1900,140,10,40,2090,2026-07-21,2026-08-05,35
RTE-00895,MSC,VNHPH (Hai Phong),NLRTM (Rotterdam),40HC,2096,210,10,40,2356,2026-07-20,2026-08-04,26
RTE-00896,ONE,VNSGN (Cat Lai),CNSHA (Shanghai),20DC,398,140,10,40,588,2026-07-20,2026-08-04,20
RTE-00897,COSCO,VNSGN (Cat Lai),USLAX (Los Angeles),40HC,3220,210,10,40,3480,2026-07-31,2026-08-15,15
RTE-00898,CMA CGM,VNSGN (Cat Lai),NLRTM (Rotterdam),40HC,2541,210,10,40,2801,2026-07-03,2026-07-18,27
RTE-00899,COSCO,VNDNG (Da Nang),USLGB (Long Beach),20DC,2115,140,10,40,2305,2026-07-22,2026-08-06,32
RTE-00900,Evergreen,VNHPH (Hai Phong),NLRTM (Rotterdam),40HC,2632,210,10,40,2892,2026-07-26,2026-08-10,13
RTE-00901,Hapag-Lloyd,VNHPH (Hai Phong),USLAX (Los Angeles),40HC,2563,210,10,40,2823,2026-07-11,2026-07-26,19
RTE-00902,COSCO,VNDNG (Da Nang),USLAX (Los Angeles),40HC,3450,210,10,40,3710,2026-07-20,2026-08-04,34
RTE-00903,MSC,VNSGN (Cat Lai),NLRTM (Rotterdam),20DC,1903,140,10,40,2093,2026-07-25,2026-08-09,33
RTE-00904,Hapag-Lloyd,VNSGN (Cat Lai),DEHAM (Hamburg),40HC,2132,210,10,40,2392,2026-07-03,2026-07-18,22
RTE-00905,COSCO,VNSGN (Cat Lai),USLGB (Long Beach),20DC,1992,140,10,40,2182,2026-07-05,2026-07-20,24
RTE-00906,MSC,VNHPH (Hai Phong),USLGB (Long Beach),40HC,2501,210,10,40,2761,2026-07-02,2026-07-17,26
RTE-00907,MSC,VNDNG (Da Nang),USLAX (Los Angeles),20DC,2331,140,10,40,2521,2026-07-07,2026-07-22,14
RTE-00908,MSC,VNSGN (Cat Lai),CNSHA (Shanghai),20DC,414,140,10,40,604,2026-07-22,2026-08-06,25
RTE-00909,Maersk,VNSGN (Cat Lai),CNSHA (Shanghai),20DC,360,140,10,40,550,2026-07-30,2026-08-14,24
RTE-00910,Maersk,VNSGN (Cat Lai),NLRTM (Rotterdam),40HC,3002,210,10,40,3262,2026-07-26,2026-08-10,29
RTE-00911,COSCO,VNDNG (Da Nang),NLRTM (Rotterdam),20DC,1735,140,10,40,1925,2026-07-26,2026-08-10,29
RTE-00912,ONE,VNDNG (Da Nang),DEHAM (Hamburg),20DC,1491,140,10,40,1681,2026-07-13,2026-07-28,29
RTE-00913,CMA CGM,VNSGN (Cat Lai),USLAX (Los Angeles),20DC,2407,140,10,40,2597,2026-07-11,2026-07-26,23
RTE-00914,CMA CGM,VNSGN (Cat Lai),USLGB (Long Beach),40HC,3042,210,10,40,3302,2026-07-18,2026-08-02,27
RTE-00915,CMA CGM,VNHPH (Hai Phong),CNSHA (Shanghai),40HC,611,210,10,40,871,2026-07-05,2026-07-20,26
RTE-00916,CMA CGM,VNHPH (Hai Phong),NLRTM (Rotterdam),40HC,2301,210,10,40,2561,2026-07-18,2026-08-02,20
RTE-00917,CMA CGM,VNDNG (Da Nang),NLRTM (Rotterdam),40HC,3151,210,10,40,3411,2026-07-17,2026-08-01,30
RTE-00918,Maersk,VNSGN (Cat Lai),NLRTM (Rotterdam),40HC,2496,210,10,40,2756,2026-07-15,2026-07-30,27
RTE-00919,MSC,VNHPH (Hai Phong),USLAX (Los Angeles),40HC,3038,210,10,40,3298,2026-07-17,2026-08-01,16
RTE-00920,Hapag-Lloyd,VNDNG (Da Nang),USLAX (Los Angeles),40HC,3111,210,10,40,3371,2026-07-05,2026-07-20,35
RTE-00921,Evergreen,VNSGN (Cat Lai),CNSHA (Shanghai),40HC,572,210,10,40,832,2026-07-10,2026-07-25,19
RTE-00922,MSC,VNHPH (Hai Phong),NLRTM (Rotterdam),40HC,2761,210,10,40,3021,2026-07-27,2026-08-11,27
RTE-00923,ONE,VNDNG (Da Nang),USLGB (Long Beach),40HC,3679,210,10,40,3939,2026-07-05,2026-07-20,33
RTE-00924,MSC,VNHPH (Hai Phong),USLAX (Los Angeles),20DC,2615,140,10,40,2805,2026-07-13,2026-07-28,15
RTE-00925,ONE,VNDNG (Da Nang),DEHAM (Hamburg),40HC,2967,210,10,40,3227,2026-07-23,2026-08-07,22
RTE-00926,COSCO,VNSGN (Cat Lai),DEHAM (Hamburg),20DC,1617,140,10,40,1807,2026-07-05,2026-07-20,13
RTE-00927,MSC,VNDNG (Da Nang),USLGB (Long Beach),40HC,2517,210,10,40,2777,2026-07-25,2026-08-09,22
RTE-00928,MSC,VNDNG (Da Nang),NLRTM (Rotterdam),40HC,3113,210,10,40,3373,2026-07-04,2026-07-19,19
RTE-00929,Maersk,VNSGN (Cat Lai),DEHAM (Hamburg),40HC,2802,210,10,40,3062,2026-07-05,2026-07-20,16
RTE-00930,ONE,VNDNG (Da Nang),USLAX (Los Angeles),40HC,2919,210,10,40,3179,2026-07-15,2026-07-30,21
RTE-00931,COSCO,VNSGN (Cat Lai),NLRTM (Rotterdam),20DC,1648,140,10,40,1838,2026-07-20,2026-08-04,19
RTE-00932,COSCO,VNSGN (Cat Lai),DEHAM (Hamburg),40HC,2926,210,10,40,3186,2026-07-12,2026-07-27,20
RTE-00933,ONE,VNSGN (Cat Lai),NLRTM (Rotterdam),20DC,2000,140,10,40,2190,2026-07-02,2026-07-17,32
RTE-00934,Evergreen,VNDNG (Da Nang),USLGB (Long Beach),40HC,3269,210,10,40,3529,2026-07-30,2026-08-14,15
RTE-00935,CMA CGM,VNDNG (Da Nang),NLRTM (Rotterdam),40HC,2256,210,10,40,2516,2026-07-24,2026-08-08,27
RTE-00936,Hapag-Lloyd,VNHPH (Hai Phong),DEHAM (Hamburg),20DC,2076,140,10,40,2266,2026-07-28,2026-08-12,26
RTE-00937,ONE,VNSGN (Cat Lai),USLAX (Los Angeles),40HC,2624,210,10,40,2884,2026-07-27,2026-08-11,21
RTE-00938,MSC,VNHPH (Hai Phong),CNSHA (Shanghai),40HC,569,210,10,40,829,2026-07-03,2026-07-18,29
RTE-00939,Maersk,VNSGN (Cat Lai),CNSHA (Shanghai),40HC,423,210,10,40,683,2026-07-01,2026-07-16,35
RTE-00940,Evergreen,VNSGN (Cat Lai),NLRTM (Rotterdam),20DC,1925,140,10,40,2115,2026-07-16,2026-07-31,32
RTE-00941,CMA CGM,VNSGN (Cat Lai),NLRTM (Rotterdam),40HC,2219,210,10,40,2479,2026-07-14,2026-07-29,13
RTE-00942,ONE,VNDNG (Da Nang),USLAX (Los Angeles),40HC,3509,210,10,40,3769,2026-07-06,2026-07-21,19
RTE-00943,Maersk,VNDNG (Da Nang),CNSHA (Shanghai),40HC,586,210,10,40,846,2026-07-17,2026-08-01,27
RTE-00944,COSCO,VNHPH (Hai Phong),CNSHA (Shanghai),40HC,560,210,10,40,820,2026-07-16,2026-07-31,31
RTE-00945,ONE,VNHPH (Hai Phong),USLGB (Long Beach),40HC,3829,210,10,40,4089,2026-07-19,2026-08-03,24
RTE-00946,Hapag-Lloyd,VNDNG (Da Nang),DEHAM (Hamburg),20DC,2108,140,10,40,2298,2026-07-29,2026-08-13,12
RTE-00947,COSCO,VNHPH (Hai Phong),DEHAM (Hamburg),40HC,2303,210,10,40,2563,2026-07-16,2026-07-31,27
RTE-00948,Evergreen,VNDNG (Da Nang),DEHAM (Hamburg),40HC,2439,210,10,40,2699,2026-07-08,2026-07-23,13
RTE-00949,Hapag-Lloyd,VNSGN (Cat Lai),DEHAM (Hamburg),20DC,1571,140,10,40,1761,2026-07-04,2026-07-19,25
RTE-00950,COSCO,VNSGN (Cat Lai),USLAX (Los Angeles),20DC,2055,140,10,40,2245,2026-07-02,2026-07-17,24
RTE-00951,MSC,VNDNG (Da Nang),DEHAM (Hamburg),20DC,2036,140,10,40,2226,2026-07-28,2026-08-12,31
RTE-00952,COSCO,VNSGN (Cat Lai),NLRTM (Rotterdam),20DC,2071,140,10,40,2261,2026-07-11,2026-07-26,22
RTE-00953,COSCO,VNDNG (Da Nang),NLRTM (Rotterdam),20DC,1779,140,10,40,1969,2026-07-11,2026-07-26,34
RTE-00954,CMA CGM,VNSGN (Cat Lai),NLRTM (Rotterdam),40HC,3083,210,10,40,3343,2026-07-03,2026-07-18,30
RTE-00955,Hapag-Lloyd,VNHPH (Hai Phong),DEHAM (Hamburg),40HC,2250,210,10,40,2510,2026-07-18,2026-08-02,25
RTE-00956,Maersk,VNDNG (Da Nang),DEHAM (Hamburg),40HC,3018,210,10,40,3278,2026-07-13,2026-07-28,31
RTE-00957,MSC,VNSGN (Cat Lai),CNSHA (Shanghai),20DC,255,140,10,40,445,2026-07-04,2026-07-19,23
RTE-00958,COSCO,VNDNG (Da Nang),USLGB (Long Beach),20DC,2408,140,10,40,2598,2026-07-09,2026-07-24,21
RTE-00959,Evergreen,VNSGN (Cat Lai),NLRTM (Rotterdam),40HC,3071,210,10,40,3331,2026-07-15,2026-07-30,17
RTE-00960,Maersk,VNHPH (Hai Phong),USLGB (Long Beach),20DC,2577,140,10,40,2767,2026-07-07,2026-07-22,15
RTE-00961,Maersk,VNDNG (Da Nang),USLGB (Long Beach),40HC,3366,210,10,40,3626,2026-07-03,2026-07-18,25
RTE-00962,Maersk,VNHPH (Hai Phong),DEHAM (Hamburg),40HC,2926,210,10,40,3186,2026-07-29,2026-08-13,23
RTE-00963,MSC,VNSGN (Cat Lai),CNSHA (Shanghai),40HC,609,210,10,40,869,2026-07-23,2026-08-07,33
RTE-00964,Hapag-Lloyd,VNDNG (Da Nang),NLRTM (Rotterdam),20DC,1450,140,10,40,1640,2026-07-03,2026-07-18,27
RTE-00965,COSCO,VNSGN (Cat Lai),DEHAM (Hamburg),20DC,1580,140,10,40,1770,2026-07-31,2026-08-15,21
RTE-00966,Hapag-Lloyd,VNDNG (Da Nang),USLGB (Long Beach),40HC,3818,210,10,40,4078,2026-07-18,2026-08-02,28
RTE-00967,ONE,VNDNG (Da Nang),USLAX (Los Angeles),20DC,2284,140,10,40,2474,2026-07-30,2026-08-14,15
RTE-00968,Maersk,VNSGN (Cat Lai),NLRTM (Rotterdam),20DC,2125,140,10,40,2315,2026-07-30,2026-08-14,32
RTE-00969,ONE,VNHPH (Hai Phong),NLRTM (Rotterdam),20DC,1784,140,10,40,1974,2026-07-13,2026-07-28,32
RTE-00970,Maersk,VNHPH (Hai Phong),USLAX (Los Angeles),40HC,3618,210,10,40,3878,2026-07-09,2026-07-24,16
RTE-00971,COSCO,VNHPH (Hai Phong),USLGB (Long Beach),20DC,2078,140,10,40,2268,2026-07-09,2026-07-24,12
RTE-00972,Evergreen,VNDNG (Da Nang),CNSHA (Shanghai),40HC,540,210,10,40,800,2026-07-15,2026-07-30,20
RTE-00973,ONE,VNHPH (Hai Phong),USLAX (Los Angeles),20DC,2128,140,10,40,2318,2026-07-19,2026-08-03,12
RTE-00974,Hapag-Lloyd,VNSGN (Cat Lai),USLGB (Long Beach),40HC,2663,210,10,40,2923,2026-07-29,2026-08-13,18
RTE-00975,ONE,VNDNG (Da Nang),USLAX (Los Angeles),40HC,3541,210,10,40,3801,2026-07-29,2026-08-13,17
RTE-00976,ONE,VNDNG (Da Nang),CNSHA (Shanghai),40HC,759,210,10,40,1019,2026-07-03,2026-07-18,14
RTE-00977,Evergreen,VNSGN (Cat Lai),USLAX (Los Angeles),20DC,1904,140,10,40,2094,2026-07-27,2026-08-11,17
RTE-00978,COSCO,VNHPH (Hai Phong),CNSHA (Shanghai),20DC,288,140,10,40,478,2026-07-17,2026-08-01,24
RTE-00979,CMA CGM,VNSGN (Cat Lai),USLAX (Los Angeles),20DC,1825,140,10,40,2015,2026-07-28,2026-08-12,25
RTE-00980,CMA CGM,VNDNG (Da Nang),USLAX (Los Angeles),20DC,2446,140,10,40,2636,2026-07-30,2026-08-14,29
RTE-00981,COSCO,VNHPH (Hai Phong),USLGB (Long Beach),20DC,2006,140,10,40,2196,2026-07-13,2026-07-28,24
RTE-00982,Hapag-Lloyd,VNHPH (Hai Phong),NLRTM (Rotterdam),40HC,2387,210,10,40,2647,2026-07-28,2026-08-12,14
RTE-00983,CMA CGM,VNSGN (Cat Lai),USLGB (Long Beach),40HC,2985,210,10,40,3245,2026-07-04,2026-07-19,30
RTE-00984,Hapag-Lloyd,VNHPH (Hai Phong),USLGB (Long Beach),40HC,3045,210,10,40,3305,2026-07-29,2026-08-13,13
RTE-00985,ONE,VNHPH (Hai Phong),CNSHA (Shanghai),40HC,644,210,10,40,904,2026-07-19,2026-08-03,13
RTE-00986,Maersk,VNDNG (Da Nang),NLRTM (Rotterdam),40HC,2884,210,10,40,3144,2026-07-12,2026-07-27,25
RTE-00987,COSCO,VNHPH (Hai Phong),NLRTM (Rotterdam),20DC,1476,140,10,40,1666,2026-07-30,2026-08-14,15
RTE-00988,Evergreen,VNHPH (Hai Phong),NLRTM (Rotterdam),40HC,2936,210,10,40,3196,2026-07-23,2026-08-07,35
RTE-00989,ONE,VNDNG (Da Nang),USLGB (Long Beach),20DC,1875,140,10,40,2065,2026-07-10,2026-07-25,18
RTE-00990,MSC,VNHPH (Hai Phong),USLGB (Long Beach),20DC,1857,140,10,40,2047,2026-07-14,2026-07-29,30
RTE-00991,Maersk,VNHPH (Hai Phong),DEHAM (Hamburg),20DC,1488,140,10,40,1678,2026-07-18,2026-08-02,20
RTE-00992,Evergreen,VNSGN (Cat Lai),USLAX (Los Angeles),40HC,3986,210,10,40,4246,2026-07-25,2026-08-09,18
RTE-00993,Maersk,VNSGN (Cat Lai),USLAX (Los Angeles),40HC,2943,210,10,40,3203,2026-07-28,2026-08-12,12
RTE-00994,MSC,VNHPH (Hai Phong),DEHAM (Hamburg),20DC,1602,140,10,40,1792,2026-07-07,2026-07-22,17
RTE-00995,ONE,VNSGN (Cat Lai),USLAX (Los Angeles),40HC,3302,210,10,40,3562,2026-07-19,2026-08-03,35
RTE-00996,CMA CGM,VNDNG (Da Nang),USLGB (Long Beach),40HC,3736,210,10,40,3996,2026-07-09,2026-07-24,30
RTE-00997,MSC,VNDNG (Da Nang),DEHAM (Hamburg),40HC,2769,210,10,40,3029,2026-07-21,2026-08-05,22
RTE-00998,Maersk,VNSGN (Cat Lai),CNSHA (Shanghai),20DC,482,140,10,40,672,2026-07-17,2026-08-01,22
RTE-00999,Maersk,VNHPH (Hai Phong),CNSHA (Shanghai),40HC,766,210,10,40,1026,2026-07-16,2026-07-31,31
RTE-01000,CMA CGM,VNDNG (Da Nang),DEHAM (Hamburg),20DC,1949,140,10,40,2139,2026-07-08,2026-07-23,31
